,00:00,01:00,02:00,03:00,04:00,05:00,06:00,07:00,08:00,09:00,10:00,11:00,12:00,13:00,14:00,15:00,16:00,17:00,18:00,19:00,20:00,21:00,22:00,23:00
2014-01-01,859464.00,835989.00,798472.00,763290.00,741942.00,728994.00,730879.00,734536.00,740316.00,738531.00,768368.00,782091.00,788393.00,787279.00,783190.00,797952.00,828346.00,906225.00,968149.00,969604.00,954700.00,935976.00,887640.00,830137.00
2014-01-02,783129.00,731053.00,704018.00,692073.00,690622.00,702530.00,731259.00,763824.00,798123.00,830135.00,872525.00,890521.00,898330.00,896669.00,890941.00,892812.00,914488.00,978945.00,1035371.00,1035647.00,1018600.00,985792.00,926662.00,858797.00
2014-01-03,800920.00,746559.00,713610.00,699861.00,693511.00,712721.00,747786.00,792986.00,849589.00,898630.00,942580.00,963903.00,969133.00,961143.00,957567.00,959372.00,975834.00,1038388.00,1082881.00,1075330.00,1054658.00,1025986.00,972036.00,898782.00
2014-01-04,832543.00,773131.00,749337.00,739229.00,732236.00,747010.00,785501.00,829214.00,882119.00,925017.00,968222.00,985194.00,980975.00,976513.00,980792.00,978944.00,990903.00,1050866.00,1083106.00,1081660.00,1085220.00,1053282.00,987647.00,914099.00
2014-01-05,848469.00,789261.00,761613.00,749626.00,750239.00,761435.00,791220.00,808056.00,853095.00,893920.00,938803.00,951026.00,951535.00,968661.00,967787.00,960792.00,978470.00,1048618.00,1108294.00,1097747.00,1083919.00,1051162.00,985007.00,919340.00
2014-01-06,849712.00,798109.00,771808.00,751606.00,750880.00,764205.00,798307.00,838524.00,897883.00,947990.00,986903.00,997533.00,1000941.00,1000179.00,996206.00,1002359.00,1027298.00,1083420.00,1122248.00,1116191.00,1094127.00,1063029.00,1001452.00,935400.00
2014-01-07,860996.00,794933.00,763849.00,746948.00,742400.00,756778.00,785526.00,818358.00,857962.00,886205.00,909687.00,919297.00,919685.00,911270.00,909889.00,903067.00,917103.00,975074.00,1041116.00,1039442.00,1030093.00,992009.00,950984.00,885574.00
2014-01-08,821498.00,769509.00,733506.00,708425.00,702128.00,718406.00,753641.00,792858.00,847209.00,887032.00,933620.00,955617.00,953324.00,952147.00,952506.00,945033.00,968822.00,1041484.00,1100729.00,1101797.00,1077344.00,1037958.00,962264.00,878340.00
2014-01-09,805839.00,748582.00,721639.00,709653.00,714510.00,751595.00,844011.00,935226.00,999405.00,1039258.00,1055365.00,1049729.00,1045589.00,1053783.00,1060876.00,1054150.00,1066371.00,1105840.00,1160090.00,1152340.00,1123886.00,1088321.00,1003798.00,903008.00
2014-01-10,837355.00,792370.00,767595.00,753765.00,759509.00,794066.00,888328.00,982476.00,1053294.00,1079963.00,1089398.00,1063232.00,1039896.00,1039227.00,1019620.00,1016797.00,1019699.00,1080853.00,1153381.00,1144878.00,1115597.00,1083691.00,1008820.00,923415.00
2014-01-11,851520.00,793452.00,766833.00,750237.00,740913.00,766533.00,806284.00,859637.00,919675.00,959013.00,1001874.00,1013923.00,1005441.00,976141.00,973553.00,980837.00,1003273.00,1068387.00,1128154.00,1118359.00,1096360.00,1061407.00,993826.00,922401.00
2014-01-12,848162.00,787605.00,764166.00,748912.00,742271.00,756077.00,778508.00,818775.00,853864.00,881117.00,936697.00,957739.00,939906.00,935522.00,930519.00,951851.00,965557.00,1037239.00,1094433.00,1098428.00,1075408.00,1036781.00,979552.00,903322.00
2014-01-13,834108.00,776322.00,754675.00,743398.00,746070.00,784822.00,883487.00,981822.00,1065499.00,1091050.00,1103991.00,1114911.00,1089886.00,1085521.00,1071261.00,1073210.00,1053768.00,1090349.00,1159463.00,1151202.00,1122565.00,1082902.00,1009851.00,924971.00
2014-01-14,854178.00,801170.00,764502.00,759417.00,767049.00,798194.00,875756.00,996888.00,1074554.00,1120215.00,1162468.00,1146485.00,1123652.00,1110737.00,1100898.00,1091971.00,1089445.00,1132487.00,1219590.00,1226929.00,1203238.00,1154155.00,1071495.00,979175.00
2014-01-15,901604.00,844717.00,817226.00,805424.00,811201.00,858356.00,967472.00,1090269.00,1168652.00,1207019.00,1184660.00,1168178.00,1152725.00,1153672.00,1141639.00,1141185.00,1147716.00,1187059.00,1256755.00,1257882.00,1232718.00,1186672.00,1104237.00,1012641.00
2014-01-16,934740.00,869429.00,850120.00,839250.00,844164.00,885462.00,990451.00,1108563.00,1194087.00,1229924.00,1225427.00,1211370.00,1190137.00,1186104.00,1168740.00,1148882.00,1139879.00,1186353.00,1270334.00,1270880.00,1238298.00,1197425.00,1114620.00,1017664.00
2014-01-17,938114.00,886616.00,851337.00,848320.00,851957.00,886090.00,984885.00,1084966.00,1153867.00,1186975.00,1188333.00,1177943.00,1160769.00,1154194.00,1146919.00,1146101.00,1151413.00,1195503.00,1255486.00,1251445.00,1217158.00,1180422.00,1104692.00,1017794.00
2014-01-18,941438.00,881117.00,866926.00,848070.00,845798.00,858725.00,899131.00,969794.00,1029604.00,1067870.00,1101471.00,1105663.00,1099339.00,1096459.00,1084843.00,1086186.00,1098512.00,1158036.00,1223565.00,1213640.00,1194069.00,1160030.00,1102285.00,1032220.00
2014-01-19,972815.00,920520.00,887260.00,871191.00,865739.00,872646.00,894534.00,922081.00,975182.00,1018713.00,1047666.00,1059210.00,1056606.00,1045096.00,1041444.00,1038276.00,1046128.00,1105208.00,1221354.00,1249749.00,1236507.00,1207134.00,1134676.00,1042974.00
2014-01-20,967054.00,903982.00,877313.00,876846.00,882598.00,918177.00,1033506.00,1172065.00,1259513.00,1300643.00,1308870.00,1278313.00,1265670.00,1268787.00,1254001.00,1233139.00,1230240.00,1254133.00,1339127.00,1355229.00,1348565.00,1301451.00,1217325.00,1108629.00
2014-01-21,1038156.00,989593.00,971589.00,963956.00,966323.00,1004364.00,1098255.00,1211608.00,1306196.00,1342799.00,1348440.00,1338153.00,1312752.00,1295928.00,1281985.00,1269607.00,1253595.00,1284800.00,1380170.00,1392682.00,1357786.00,1312295.00,1225317.00,1133216.00
2014-01-22,1056154.00,1013440.00,994965.00,983502.00,986993.00,1026675.00,1130066.00,1252777.00,1335428.00,1356982.00,1362491.00,1351390.00,1329974.00,1312809.00,1306078.00,1294133.00,1293334.00,1319951.00,1387147.00,1390798.00,1359105.00,1307950.00,1235835.00,1128923.00
2014-01-23,1056089.00,1016870.00,986494.00,959486.00,978455.00,1026670.00,1116087.00,1213485.00,1279790.00,1320583.00,1322872.00,1304156.00,1290049.00,1279100.00,1260850.00,1240213.00,1226018.00,1245611.00,1325827.00,1334612.00,1305222.00,1259964.00,1187116.00,1085589.00
2014-01-24,1013643.00,970411.00,955615.00,943821.00,941144.00,982592.00,1076825.00,1186713.00,1265163.00,1293859.00,1286334.00,1260868.00,1239862.00,1231175.00,1212394.00,1183289.00,1172325.00,1194482.00,1292073.00,1315964.00,1292472.00,1249339.00,1177345.00,1090636.00
2014-01-25,1018461.00,965287.00,938084.00,926097.00,929966.00,945059.00,992103.00,1059811.00,1124639.00,1177846.00,1194897.00,1201547.00,1191728.00,1167628.00,1156717.00,1151703.00,1147518.00,1184392.00,1282699.00,1308696.00,1283804.00,1250204.00,1178624.00,1110892.00
2014-01-26,1048871.00,983302.00,961148.00,951958.00,941624.00,956481.00,988259.00,1033396.00,1092235.00,1150321.00,1185060.00,1197986.00,1194573.00,1174517.00,1160793.00,1152316.00,1149004.00,1202192.00,1303140.00,1339472.00,1317037.00,1274258.00,1195048.00,1117034.00
2014-01-27,1045108.00,997469.00,975849.00,964803.00,976140.00,1017417.00,1126169.00,1248698.00,1339879.00,1382222.00,1392496.00,1375473.00,1356850.00,1341093.00,1325538.00,1312854.00,1296360.00,1310693.00,1402847.00,1413372.00,1387119.00,1340859.00,1257068.00,1159549.00
2014-01-28,1081614.00,1033057.00,1021921.00,1014359.00,1016369.00,1052085.00,1161723.00,1283133.00,1366835.00,1414608.00,1426900.00,1402501.00,1372816.00,1360831.00,1346451.00,1335830.00,1334223.00,1356744.00,1434687.00,1448896.00,1416938.00,1370303.00,1281485.00,1186829.00
2014-01-29,1109387.00,1064441.00,1044238.00,1031814.00,1041153.00,1082027.00,1180406.00,1298989.00,1399855.00,1450426.00,1470677.00,1466084.00,1448550.00,1449134.00,1441213.00,1419069.00,1396876.00,1417685.00,1500803.00,1517761.00,1488597.00,1439144.00,1359466.00,1262352.00
2014-01-30,1174879.00,1121379.00,1102644.00,1098460.00,1102478.00,1137757.00,1239423.00,1350253.00,1446920.00,1501862.00,1512328.00,1512517.00,1502929.00,1483080.00,1478795.00,1465194.00,1450551.00,1461567.00,1536903.00,1555869.00,1540010.00,1478845.00,1393486.00,1303984.00
2014-01-31,1226541.00,1164757.00,1151265.00,1140066.00,1141700.00,1176965.00,1275486.00,1369332.00,1457450.00,1510644.00,1517216.00,1514206.00,1498295.00,1474601.00,1449381.00,1425894.00,1396469.00,1417073.00,1490013.00,1511683.00,1489279.00,1447760.00,1380054.00,1303008.00
2014-02-01,1206865.00,1143628.00,1111888.00,1104673.00,1106360.00,1117136.00,1154927.00,1208502.00,1264321.00,1318474.00,1350754.00,1349995.00,1329365.00,1328873.00,1315208.00,1299615.00,1291119.00,1319138.00,1407457.00,1432151.00,1414299.00,1388774.00,1317767.00,1236447.00
2014-02-02,1181873.00,1123249.00,1092448.00,1076798.00,1074022.00,1082742.00,1112122.00,1163137.00,1221768.00,1284897.00,1316690.00,1321716.00,1313198.00,1296993.00,1285351.00,1275097.00,1274058.00,1307022.00,1391617.00,1439224.00,1434659.00,1399347.00,1310436.00,1229375.00
2014-02-03,1155612.00,1102678.00,1077275.00,1075713.00,1079123.00,1111505.00,1208880.00,1328483.00,1407141.00,1447448.00,1465257.00,1447558.00,1421941.00,1407675.00,1386303.00,1365739.00,1340855.00,1348920.00,1417897.00,1449001.00,1422685.00,1382863.00,1300761.00,1203991.00
2014-02-04,1133670.00,1075295.00,1054828.00,1039000.00,1049634.00,1083953.00,1183298.00,1312516.00,1381675.00,1420187.00,1421218.00,1409851.00,1390620.00,1377223.00,1363911.00,1357568.00,1348167.00,1368920.00,1433885.00,1438066.00,1423008.00,1373679.00,1276169.00,1174689.00
2014-02-05,1094384.00,1040618.00,1020943.00,1021105.00,1025861.00,1070150.00,1156532.00,1242165.00,1312608.00,1341016.00,1348198.00,1333771.00,1308479.00,1299942.00,1276964.00,1267005.00,1258960.00,1268154.00,1332414.00,1357989.00,1342570.00,1295547.00,1223931.00,1133428.00
2014-02-06,1055922.00,995409.00,969932.00,965507.00,970698.00,1010312.00,1103252.00,1225044.00,1286937.00,1308648.00,1304907.00,1289286.00,1271922.00,1259835.00,1246106.00,1252668.00,1235968.00,1254505.00,1325941.00,1357686.00,1348222.00,1303360.00,1218081.00,1102686.00
2014-02-07,1031860.00,982488.00,969629.00,955682.00,961467.00,988263.00,1085045.00,1193773.00,1247788.00,1286165.00,1296397.00,1277051.00,1257177.00,1250289.00,1230089.00,1194914.00,1180537.00,1220147.00,1304921.00,1344158.00,1320038.00,1259394.00,1181839.00,1096558.00
2014-02-08,1030950.00,982781.00,968367.00,966159.00,961989.00,986584.00,1024666.00,1087100.00,1141182.00,1207878.00,1233634.00,1224563.00,1198105.00,1185649.00,1172928.00,1164116.00,1165918.00,1197407.00,1270893.00,1310047.00,1296951.00,1250198.00,1165527.00,1087103.00
2014-02-09,1027920.00,981799.00,964128.00,949078.00,954521.00,967775.00,994053.00,1031997.00,1072927.00,1126782.00,1170534.00,1171151.00,1162512.00,1160542.00,1152034.00,1151301.00,1159146.00,1191226.00,1254515.00,1290501.00,1287311.00,1254469.00,1180577.00,1084549.00
2014-02-10,1011836.00,963891.00,945911.00,935736.00,937341.00,969306.00,1080145.00,1193276.00,1254286.00,1299561.00,1318567.00,1308918.00,1296008.00,1293239.00,1287808.00,1278604.00,1235616.00,1254116.00,1310188.00,1331094.00,1317220.00,1269468.00,1181287.00,1080970.00
2014-02-11,1007961.00,965052.00,947186.00,941224.00,910171.00,952182.00,1043663.00,1162500.00,1210026.00,1253550.00,1247085.00,1242224.00,1245917.00,1240693.00,1220611.00,1223769.00,1203065.00,1205946.00,1274392.00,1317823.00,1302909.00,1250053.00,1163098.00,1045543.00
2014-02-12,973619.00,935823.00,911270.00,895526.00,890356.00,922198.00,1018223.00,1121909.00,1175945.00,1204438.00,1204160.00,1189745.00,1171155.00,1145767.00,1131569.00,1120231.00,1130898.00,1142620.00,1219009.00,1256061.00,1240452.00,1189631.00,1113909.00,1026006.00
2014-02-13,949520.00,905901.00,899316.00,888841.00,886019.00,912672.00,991707.00,1092151.00,1148577.00,1178175.00,1166392.00,1139213.00,1108618.00,1099335.00,1091104.00,1091160.00,1089609.00,1118674.00,1184109.00,1237234.00,1227348.00,1176960.00,1077222.00,988546.00
2014-02-14,907182.00,868129.00,852719.00,840743.00,852518.00,897650.00,980182.00,1091591.00,1140213.00,1176801.00,1180389.00,1163422.00,1144871.00,1145164.00,1137435.00,1126560.00,1121906.00,1133278.00,1193742.00,1229563.00,1213088.00,1166907.00,1096716.00,1014312.00
2014-02-15,939999.00,883923.00,866602.00,858867.00,859004.00,872765.00,908265.00,953410.00,1001325.00,1050450.00,1070262.00,1078176.00,1071005.00,1057495.00,1047517.00,1043755.00,1037317.00,1065257.00,1126078.00,1167845.00,1152578.00,1129944.00,1059346.00,980567.00
2014-02-16,928742.00,877496.00,849146.00,829029.00,825845.00,845645.00,878869.00,896332.00,926110.00,975726.00,1006673.00,1014332.00,1012557.00,1011316.00,1011384.00,1017642.00,1023240.00,1050798.00,1112402.00,1162615.00,1156063.00,1132142.00,1054159.00,971021.00
2014-02-17,902585.00,857469.00,838500.00,821044.00,827371.00,870568.00,964596.00,1077117.00,1109196.00,1153303.00,1160075.00,1156675.00,1138046.00,1136922.00,1124588.00,1112903.00,1108420.00,1115450.00,1170675.00,1212741.00,1199994.00,1154993.00,1070400.00,968469.00
2014-02-18,892389.00,863927.00,855087.00,848139.00,855821.00,898698.00,983378.00,1073015.00,1108700.00,1128889.00,1128461.00,1120080.00,1107252.00,1104871.00,1082191.00,1067180.00,1057352.00,1062095.00,1116173.00,1195925.00,1187718.00,1135112.00,1060281.00,958315.00
2014-02-19,891811.00,854993.00,838727.00,833935.00,838355.00,875290.00,974202.00,1065784.00,1105091.00,1139592.00,1138199.00,1132414.00,1111160.00,1106682.00,1098303.00,1095085.00,1082648.00,1073887.00,1123412.00,1161277.00,1142375.00,1098552.00,1029094.00,937981.00
2014-02-20,854610.00,797133.00,773042.00,769410.00,763471.00,792386.00,890537.00,992662.00,1044831.00,1088579.00,1092638.00,1097608.00,1082293.00,1076764.00,1078992.00,1088036.00,1063190.00,1060646.00,1120668.00,1159987.00,1149689.00,1097123.00,1021602.00,929623.00
2014-02-21,861881.00,824171.00,800926.00,795725.00,798710.00,836401.00,925555.00,1013632.00,1065101.00,1105340.00,1098824.00,1083811.00,1063710.00,1067536.00,1069763.00,1047115.00,1045811.00,1056701.00,1089941.00,1146580.00,1131124.00,1086965.00,1019087.00,925864.00
2014-02-22,857649.00,803516.00,778750.00,773205.00,774251.00,788176.00,832742.00,890672.00,932742.00,977315.00,992829.00,983493.00,970572.00,971390.00,955081.00,951438.00,951837.00,967603.00,1026963.00,1101936.00,1099920.00,1078551.00,1011200.00,935351.00
2014-02-23,874492.00,825247.00,793050.00,788153.00,778211.00,810720.00,842098.00,879894.00,925474.00,987980.00,1022408.00,1027264.00,1017860.00,998935.00,990151.00,987569.00,990225.00,1006600.00,1065149.00,1132076.00,1134506.00,1103618.00,1030162.00,941071.00
2014-02-24,881267.00,841651.00,815753.00,807804.00,812387.00,850991.00,948278.00,1056204.00,1131717.00,1174221.00,1183065.00,1176194.00,1147241.00,1147457.00,1130823.00,1111719.00,1105419.00,1110039.00,1157141.00,1223928.00,1215489.00,1153458.00,1072157.00,968283.00
2014-02-25,894056.00,843231.00,818976.00,811700.00,818666.00,877207.00,984731.00,1087434.00,1160479.00,1197279.00,1206233.00,1190340.00,1176709.00,1166277.00,1149450.00,1141757.00,1132147.00,1122497.00,1166111.00,1249661.00,1237617.00,1186499.00,1096777.00,996174.00
2014-02-26,932459.00,890680.00,867160.00,859981.00,877826.00,916709.00,1024638.00,1128169.00,1192593.00,1240021.00,1242783.00,1224838.00,1202551.00,1199541.00,1197838.00,1153519.00,1125625.00,1121180.00,1157030.00,1257205.00,1255301.00,1209357.00,1122144.00,1037552.00
2014-02-27,968950.00,919380.00,901757.00,891880.00,883215.00,911321.00,1022408.00,1116679.00,1175113.00,1218919.00,1218145.00,1198249.00,1171505.00,1156936.00,1140257.00,1126621.00,1127224.00,1131989.00,1168258.00,1243835.00,1242816.00,1198242.00,1107932.00,1023396.00
2014-02-28,933182.00,887555.00,870456.00,859056.00,859967.00,894138.00,982968.00,1053941.00,1108570.00,1147193.00,1153178.00,1148503.00,1133006.00,1119025.00,1107442.00,1096066.00,1082785.00,1086295.00,1125862.00,1195359.00,1182445.00,1139662.00,1064095.00,981606.00
2014-03-01,918568.00,858084.00,832844.00,818823.00,819364.00,833899.00,880679.00,924341.00,975572.00,1023618.00,1040734.00,1038260.00,1026467.00,1019946.00,1007346.00,996817.00,1004128.00,1016975.00,1056066.00,1123007.00,1120454.00,1085618.00,1019757.00,940413.00
2014-03-02,872050.00,824969.00,794853.00,782100.00,780188.00,792529.00,828116.00,850594.00,903007.00,951885.00,975207.00,975429.00,962075.00,951436.00,946909.00,942266.00,946604.00,964966.00,1019798.00,1107108.00,1114806.00,1086068.00,1006681.00,919848.00
2014-03-03,849632.00,807735.00,785402.00,781447.00,782879.00,823618.00,929114.00,1033592.00,1101547.00,1149647.00,1161141.00,1153092.00,1126042.00,1113412.00,1098145.00,1093310.00,1070201.00,1062446.00,1112459.00,1186498.00,1180097.00,1132068.00,1040201.00,942502.00
2014-03-04,877875.00,839086.00,821094.00,818368.00,821377.00,855634.00,950789.00,1050661.00,1108872.00,1145416.00,1146924.00,1120329.00,1086611.00,1070865.00,1052069.00,1036535.00,1023042.00,1017016.00,1062017.00,1162061.00,1173160.00,1133713.00,1041625.00,952778.00
2014-03-05,875320.00,838104.00,818662.00,810458.00,827625.00,856559.00,962581.00,1053832.00,1104744.00,1135662.00,1129557.00,1112167.00,1089741.00,1063911.00,1053229.00,1043461.00,1040510.00,1033704.00,1080594.00,1167150.00,1174619.00,1136275.00,1042367.00,953204.00
2014-03-06,878317.00,841916.00,823233.00,818091.00,821365.00,860875.00,959521.00,1042371.00,1099869.00,1131415.00,1130108.00,1112645.00,1075599.00,1070674.00,1054259.00,1038216.00,1020182.00,1016195.00,1059877.00,1163498.00,1181403.00,1148312.00,1055728.00,952247.00
2014-03-07,876325.00,833781.00,814572.00,808719.00,813529.00,858285.00,956290.00,1035092.00,1061511.00,1089106.00,1080894.00,1059687.00,1038563.00,1033695.00,1010905.00,996630.00,985313.00,988904.00,1026771.00,1118317.00,1141685.00,1099833.00,1009945.00,940020.00
2014-03-08,877631.00,837181.00,812433.00,798218.00,799235.00,819164.00,861424.00,881769.00,940808.00,991994.00,1006687.00,989231.00,964812.00,937064.00,910594.00,893825.00,890258.00,897803.00,928456.00,1025319.00,1051259.00,1033660.00,984874.00,922777.00
2014-03-09,850059.00,812075.00,786748.00,772329.00,767440.00,779516.00,816275.00,834549.00,889849.00,945797.00,980616.00,982909.00,974280.00,962072.00,956219.00,955178.00,956404.00,974937.00,1015156.00,1085279.00,1098709.00,1068858.00,983894.00,918430.00
2014-03-10,855820.00,815883.00,794378.00,778866.00,778474.00,798278.00,832370.00,862949.00,928750.00,984346.00,1011775.00,1012514.00,999605.00,996283.00,983041.00,979758.00,977337.00,985948.00,1019447.00,1109033.00,1134937.00,1095858.00,1013034.00,926267.00
2014-03-11,856835.00,814582.00,794755.00,793693.00,801993.00,839691.00,937115.00,1021079.00,1090415.00,1181217.00,1195125.00,1176390.00,1155656.00,1152773.00,1141014.00,1128055.00,1115425.00,1109759.00,1138973.00,1220616.00,1224812.00,1184290.00,1095086.00,1003428.00
2014-03-12,925024.00,884083.00,869300.00,862640.00,850213.00,891295.00,976165.00,1045366.00,1106304.00,1142705.00,1141026.00,1125128.00,1105667.00,1095214.00,1078396.00,1067494.00,1061401.00,1060259.00,1102056.00,1179485.00,1191095.00,1150086.00,1060577.00,972217.00
2014-03-13,894275.00,848198.00,826918.00,822839.00,829680.00,870319.00,960925.00,1027065.00,1085732.00,1134113.00,1129131.00,1104396.00,1080973.00,1086493.00,1074588.00,1061293.00,1058186.00,1061025.00,1096805.00,1169252.00,1194675.00,1159032.00,1059086.00,971436.00
2014-03-14,899590.00,859029.00,838876.00,828319.00,836217.00,872545.00,962956.00,1012786.00,1046918.00,1070966.00,1058226.00,1033418.00,1004344.00,1006224.00,997266.00,993471.00,981982.00,976114.00,1002267.00,1091937.00,1127977.00,1095534.00,1015418.00,931840.00
2014-03-15,861848.00,816769.00,796342.00,792399.00,791274.00,807688.00,841393.00,869722.00,917675.00,956795.00,969283.00,965301.00,945968.00,938183.00,926677.00,920813.00,918476.00,920915.00,945938.00,1040093.00,1076475.00,1048699.00,973598.00,897288.00
2014-03-16,837429.00,792119.00,765396.00,763370.00,755617.00,766609.00,788072.00,808785.00,861464.00,910126.00,926987.00,929952.00,923080.00,914025.00,915354.00,911508.00,924498.00,943368.00,997213.00,1071671.00,1087447.00,1046635.00,957317.00,874501.00
2014-03-17,809376.00,770058.00,753202.00,745918.00,754059.00,788183.00,877490.00,967896.00,1021933.00,1049879.00,1059309.00,1033720.00,1017967.00,1036844.00,1064420.00,1064951.00,1058695.00,1038311.00,1056272.00,1088651.00,1049753.00,1004043.00,935624.00,850659.00
2014-03-18,788505.00,759927.00,744676.00,732289.00,743021.00,785839.00,879871.00,957736.00,1039334.00,1080914.00,1098101.00,1089910.00,1072857.00,1059266.00,1042614.00,1035017.00,1024159.00,1023471.00,1047246.00,1110289.00,1140385.00,1103175.00,1013341.00,926997.00
2014-03-19,860433.00,818549.00,801446.00,794777.00,805893.00,840386.00,931285.00,1004996.00,1075898.00,1117576.00,1114901.00,1092632.00,1065682.00,1062334.00,1047132.00,1034807.00,1029970.00,1035617.00,1090638.00,1161220.00,1175254.00,1133137.00,1036935.00,943914.00
2014-03-20,866618.00,821217.00,803285.00,800264.00,808356.00,840330.00,929279.00,1003393.00,1063372.00,1097326.00,1104937.00,1101289.00,1078175.00,1068782.00,1054027.00,1039740.00,1018624.00,1009428.00,1040324.00,1112310.00,1142164.00,1104990.00,1012590.00,928125.00
2014-03-21,855216.00,809356.00,792159.00,782889.00,791461.00,828770.00,917681.00,986076.00,1058406.00,1102007.00,1108972.00,1095265.00,1073402.00,1064290.00,1053665.00,1046437.00,1028524.00,1020190.00,1026652.00,1093828.00,1132380.00,1105551.00,1035387.00,946660.00
2014-03-22,875554.00,830232.00,812529.00,803003.00,798825.00,819090.00,853071.00,880973.00,934860.00,976380.00,991740.00,983987.00,970870.00,960375.00,945515.00,934096.00,934898.00,932946.00,949425.00,1016984.00,1080186.00,1050091.00,982554.00,904766.00
2014-03-23,836212.00,791441.00,769758.00,757829.00,759302.00,777052.00,796637.00,815802.00,864671.00,899637.00,914878.00,910508.00,897714.00,884001.00,874330.00,866718.00,865024.00,872749.00,890024.00,972640.00,1059915.00,1033778.00,958217.00,870462.00
2014-03-24,801589.00,755570.00,737759.00,732935.00,738777.00,775234.00,859324.00,919000.00,982591.00,1016216.00,1017878.00,997436.00,987639.00,979842.00,969158.00,950993.00,931722.00,917063.00,929910.00,999030.00,1078971.00,1053060.00,967950.00,881233.00
2014-03-25,803774.00,765921.00,749705.00,742405.00,749302.00,782175.00,865303.00,917188.00,978870.00,1010557.00,1009254.00,994469.00,974352.00,973661.00,954324.00,938610.00,930750.00,918832.00,929930.00,1010744.00,1095281.00,1062288.00,975614.00,879246.00
2014-03-26,807898.00,767943.00,750481.00,741841.00,747370.00,782924.00,865768.00,918348.00,970232.00,995644.00,990271.00,974114.00,947646.00,937173.00,926325.00,911031.00,897031.00,889528.00,903571.00,982614.00,1078026.00,1047401.00,958407.00,858902.00
2014-03-27,784189.00,747666.00,726073.00,720351.00,723086.00,762249.00,844374.00,904888.00,990045.00,1040550.00,1052520.00,1039381.00,1022656.00,1020315.00,990367.00,972512.00,979859.00,967728.00,982305.00,1053808.00,1133576.00,1099318.00,1018894.00,914843.00
2014-03-28,842856.00,800830.00,784165.00,774428.00,785339.00,817890.00,892932.00,934604.00,987434.00,1030764.00,1029771.00,1015344.00,982345.00,977222.00,964006.00,957834.00,936129.00,931652.00,965657.00,1032899.00,1082145.00,1051900.00,980282.00,888739.00
2014-03-29,818989.00,775104.00,754076.00,745774.00,742076.00,758571.00,786730.00,824572.00,900448.00,961092.00,1008491.00,1025351.00,1026426.00,1013356.00,1010213.00,1004139.00,1000519.00,1010705.00,1043589.00,1085320.00,1122123.00,1100723.00,1027639.00,946485.00
2014-03-30,878590.00,829322.00,798352.00,785016.00,783210.00,798976.00,815247.00,846572.00,911538.00,974970.00,1006922.00,1020124.00,1020145.00,1017970.00,1013145.00,1007566.00,1018072.00,1030497.00,1052165.00,1100978.00,1158695.00,1128212.00,1045482.00,951762.00
2014-03-31,875265.00,834665.00,815503.00,808353.00,812609.00,850516.00,936286.00,995528.00,1067325.00,1116901.00,1122133.00,1100952.00,1074918.00,1064415.00,1049637.00,1039967.00,1029840.00,1020456.00,1042506.00,1104374.00,1163075.00,1132604.00,1036586.00,944223.00
2014-04-01,859424.00,815222.00,795543.00,789210.00,797768.00,837166.00,924286.00,981402.00,1042929.00,1088918.00,1096181.00,1075786.00,1052751.00,1045519.00,1031005.00,1013357.00,995381.00,981976.00,1021112.00,1067401.00,1092891.00,1047736.00,933069.00,848524.00
2014-04-02,778416.00,739317.00,732771.00,726541.00,730636.00,772919.00,862148.00,931246.00,996522.00,1049855.00,1080573.00,1070144.00,1052775.00,1051784.00,1038432.00,1027281.00,1019417.00,1002433.00,1000474.00,1040130.00,1099194.00,1064585.00,970742.00,870475.00
2014-04-03,805325.00,768250.00,753458.00,749112.00,756664.00,796068.00,873571.00,931995.00,979250.00,1012842.00,1011904.00,991438.00,970698.00,967796.00,959236.00,948241.00,937869.00,929317.00,939883.00,989659.00,1065513.00,1040923.00,958833.00,869059.00
2014-04-04,793809.00,750177.00,736966.00,733331.00,740741.00,775512.00,847402.00,906904.00,967906.00,1000552.00,999055.00,982785.00,965704.00,972002.00,958103.00,944844.00,931665.00,933693.00,947631.00,1000947.00,1060596.00,1032454.00,963333.00,878234.00
2014-04-05,797339.00,755062.00,734992.00,726317.00,722856.00,741245.00,768390.00,818396.00,883844.00,931999.00,946917.00,952668.00,949173.00,945596.00,935547.00,933712.00,945659.00,941591.00,952183.00,1000675.00,1049026.00,1023618.00,955111.00,872793.00
2014-04-06,802174.00,754935.00,736148.00,725807.00,723152.00,732700.00,745044.00,782287.00,845656.00,893558.00,910325.00,915581.00,907028.00,896881.00,884633.00,870853.00,866539.00,876119.00,883292.00,933437.00,1038260.00,1022635.00,937387.00,845308.00
2014-04-07,776901.00,728081.00,709977.00,707222.00,710121.00,748885.00,822088.00,888388.00,944643.00,968789.00,964212.00,946117.00,915069.00,903662.00,890351.00,875798.00,871550.00,873770.00,874331.00,920665.00,1013878.00,1002816.00,921189.00,827002.00
2014-04-08,751575.00,715295.00,703368.00,694956.00,698489.00,736699.00,800052.00,871132.00,940804.00,958314.00,945435.00,919404.00,894134.00,880086.00,867944.00,861995.00,848990.00,843995.00,849013.00,902990.00,1013739.00,994673.00,912422.00,818417.00
2014-04-09,743105.00,703202.00,686967.00,684798.00,689093.00,722320.00,798086.00,873256.00,923430.00,942050.00,936755.00,933414.00,913913.00,926177.00,933532.00,924269.00,903041.00,904659.00,929888.00,973848.00,1040309.00,1013204.00,936589.00,855680.00
2014-04-10,790998.00,750817.00,730152.00,719810.00,720713.00,750308.00,830542.00,914275.00,997300.00,1050372.00,1063856.00,1044887.00,1009979.00,1007142.00,998425.00,986762.00,971500.00,956039.00,955521.00,986111.00,1037542.00,996619.00,920662.00,836990.00
2014-04-11,755999.00,715496.00,699626.00,688322.00,695796.00,730818.00,796951.00,856242.00,908592.00,938265.00,945949.00,935704.00,917763.00,915295.00,913437.00,933161.00,939027.00,960720.00,983131.00,1024823.00,1109325.00,1099456.00,1017549.00,928328.00
2014-04-12,851109.00,804777.00,785192.00,778259.00,774033.00,789002.00,811162.00,850584.00,912816.00,957429.00,976471.00,976829.00,963391.00,949954.00,932675.00,925621.00,919375.00,918041.00,937951.00,992792.00,1072112.00,1050364.00,979974.00,900434.00
2014-04-13,828646.00,780604.00,762508.00,750480.00,747170.00,756029.00,767938.00,798006.00,849773.00,893878.00,907706.00,905174.00,881067.00,884597.00,872395.00,869255.00,870302.00,886715.00,918523.00,976388.00,1048232.00,1024363.00,946956.00,850813.00
2014-04-14,787769.00,749250.00,732043.00,726506.00,726771.00,760669.00,831280.00,911022.00,978247.00,1011139.00,1017717.00,1003459.00,987138.00,987706.00,984141.00,971294.00,968240.00,967481.00,988453.00,1014361.00,1067155.00,1047037.00,954465.00,851235.00
2014-04-15,782119.00,745329.00,728682.00,725270.00,711866.00,736054.00,804128.00,873745.00,928296.00,951598.00,945367.00,928168.00,916318.00,917710.00,910910.00,899398.00,897308.00,883101.00,892889.00,933399.00,1009344.00,1000730.00,915631.00,815347.00
2014-04-16,737669.00,696067.00,678212.00,670131.00,678304.00,709421.00,762851.00,826622.00,889733.00,907338.00,900003.00,888776.00,877720.00,880468.00,872235.00,863747.00,869222.00,877300.00,890488.00,921039.00,1003038.00,1003187.00,919199.00,814317.00
2014-04-17,742887.00,697590.00,679210.00,672819.00,682865.00,711844.00,772679.00,841554.00,888711.00,924132.00,922772.00,901421.00,873159.00,873516.00,861970.00,848643.00,837128.00,818771.00,822672.00,837009.00,956003.00,970774.00,896534.00,788060.00
2014-04-18,706464.00,661786.00,641560.00,635848.00,641429.00,667464.00,725843.00,783631.00,836062.00,854478.00,862964.00,847290.00,833664.00,837758.00,824937.00,819988.00,810777.00,796591.00,796382.00,821452.00,926703.00,944988.00,871657.00,775264.00
2014-04-19,699726.00,649123.00,625302.00,613996.00,616990.00,631034.00,646931.00,689039.00,754979.00,790311.00,805015.00,803821.00,793626.00,783905.00,774361.00,766865.00,763464.00,761895.00,768490.00,794099.00,903948.00,928709.00,856629.00,762879.00
2014-04-20,685047.00,631432.00,607501.00,597188.00,593045.00,597389.00,607343.00,632506.00,670388.00,693519.00,694385.00,687111.00,703245.00,696394.00,686057.00,683149.00,688918.00,704655.00,728734.00,773841.00,868817.00,887731.00,810034.00,722531.00
2014-04-21,663029.00,630339.00,611103.00,600752.00,608077.00,634338.00,690989.00,761881.00,832384.00,857738.00,862313.00,840422.00,831681.00,834410.00,828455.00,813662.00,805861.00,794481.00,795614.00,818094.00,923741.00,944938.00,846350.00,739475.00
2014-04-22,663454.00,628364.00,615450.00,609531.00,618164.00,643794.00,706309.00,785713.00,854695.00,882829.00,887493.00,872512.00,855565.00,857497.00,851463.00,838907.00,826695.00,804641.00,820909.00,871997.00,952209.00,961111.00,862019.00,755017.00
2014-04-23,683301.00,640310.00,619019.00,594585.00,602041.00,629593.00,696506.00,771955.00,844058.00,876572.00,872595.00,861517.00,853017.00,857080.00,852409.00,841450.00,828943.00,805901.00,822139.00,852457.00,948596.00,964109.00,855828.00,753779.00
2014-04-24,674953.00,634784.00,621038.00,615570.00,621621.00,650472.00,718777.00,799924.00,879717.00,918777.00,936510.00,924851.00,902034.00,912546.00,899684.00,887040.00,873686.00,859993.00,862676.00,889189.00,994242.00,1029302.00,928932.00,816253.00
2014-04-25,734710.00,688336.00,672314.00,668588.00,675979.00,700813.00,767413.00,835754.00,902423.00,942643.00,957458.00,944630.00,921475.00,922043.00,913976.00,900807.00,873442.00,859737.00,860321.00,888920.00,1003478.00,1044926.00,954125.00,856806.00
2014-04-26,778833.00,725765.00,707414.00,695590.00,696319.00,702470.00,718752.00,764281.00,825083.00,873493.00,881943.00,875211.00,854170.00,848744.00,836780.00,822160.00,814433.00,801804.00,802502.00,843303.00,955071.00,1002168.00,921187.00,828199.00
2014-04-27,757002.00,703786.00,678030.00,667609.00,665667.00,664369.00,677829.00,710238.00,759432.00,802661.00,810841.00,805603.00,790912.00,784245.00,776507.00,769852.00,770147.00,764059.00,752849.00,780712.00,899676.00,962501.00,876937.00,769686.00
2014-04-28,701438.00,656942.00,638983.00,631523.00,637033.00,659760.00,719110.00,785985.00,853298.00,895628.00,900009.00,882079.00,873216.00,869829.00,866847.00,847179.00,837496.00,828676.00,841535.00,880565.00,966453.00,986718.00,895647.00,793686.00
2014-04-29,712042.00,673917.00,655960.00,647362.00,645295.00,663635.00,738256.00,802966.00,857892.00,924869.00,931626.00,925418.00,903693.00,895484.00,878500.00,866862.00,860510.00,852851.00,874984.00,920791.00,996619.00,1001615.00,912236.00,806758.00
2014-04-30,738067.00,692702.00,673237.00,668939.00,678117.00,700373.00,758014.00,831799.00,919270.00,956820.00,956380.00,932501.00,907871.00,897272.00,870555.00,842205.00,829139.00,824575.00,841487.00,878056.00,937888.00,959919.00,884408.00,794062.00
2014-05-01,720427.00,670245.00,642768.00,632565.00,629869.00,630614.00,643935.00,675383.00,732471.00,773282.00,792891.00,790122.00,757198.00,742531.00,750732.00,748593.00,744013.00,739714.00,739622.00,775619.00,864074.00,899940.00,830212.00,750618.00
2014-05-02,684970.00,632776.00,613361.00,603993.00,600801.00,598807.00,611083.00,647108.00,684958.00,725093.00,743879.00,759823.00,763353.00,756442.00,753500.00,762224.00,777463.00,775032.00,777934.00,792810.00,853931.00,887659.00,821174.00,737719.00
2014-05-03,675028.00,624786.00,599092.00,589980.00,587052.00,589539.00,606777.00,647053.00,716745.00,770839.00,795362.00,796736.00,783516.00,771426.00,766172.00,752842.00,753399.00,752617.00,753038.00,776072.00,845244.00,884938.00,816912.00,736840.00
2014-05-04,665187.00,618778.00,596564.00,585763.00,578974.00,568746.00,593492.00,627627.00,677923.00,735191.00,760621.00,752725.00,746652.00,739076.00,729096.00,725828.00,724607.00,722298.00,726330.00,727776.00,791797.00,859268.00,783189.00,684682.00
2014-05-05,608187.00,563991.00,546999.00,539653.00,542176.00,555583.00,613193.00,692467.00,766361.00,809571.00,819277.00,808794.00,795827.00,802186.00,794445.00,793776.00,788559.00,800749.00,823426.00,836928.00,885303.00,891690.00,792404.00,695275.00
2014-05-06,626424.00,584981.00,563927.00,557593.00,561031.00,574172.00,647906.00,739699.00,816941.00,836535.00,868493.00,862124.00,835950.00,839971.00,830190.00,810911.00,800890.00,789007.00,792211.00,791919.00,858234.00,923040.00,838998.00,735937.00
2014-05-07,655502.00,610429.00,587460.00,582751.00,584588.00,604105.00,668341.00,743773.00,801781.00,837784.00,848506.00,838291.00,824456.00,827583.00,820560.00,818456.00,811562.00,794265.00,787706.00,795238.00,873642.00,974625.00,897438.00,788917.00
2014-05-08,701327.00,660527.00,639634.00,632538.00,635916.00,645087.00,708633.00,784794.00,846827.00,874871.00,888827.00,862550.00,840372.00,836905.00,818692.00,799255.00,786023.00,782718.00,781946.00,790021.00,856496.00,936616.00,876966.00,781236.00
2014-05-09,701541.00,652315.00,631582.00,617189.00,614520.00,607002.00,626875.00,668786.00,729340.00,768430.00,771749.00,764997.00,748780.00,735331.00,721948.00,715413.00,716590.00,718834.00,725644.00,731192.00,794761.00,856940.00,809109.00,744663.00
2014-05-10,681333.00,630189.00,608040.00,588861.00,589229.00,582220.00,597776.00,633154.00,697420.00,748782.00,788148.00,796029.00,775912.00,766873.00,760570.00,760264.00,763034.00,770611.00,773400.00,780162.00,830633.00,887458.00,824089.00,734524.00
2014-05-11,660917.00,616779.00,596380.00,584317.00,579669.00,582156.00,614211.00,650571.00,714803.00,775756.00,810130.00,825775.00,819268.00,813209.00,804011.00,798677.00,800216.00,800380.00,800226.00,794576.00,840711.00,926546.00,848477.00,744044.00
2014-05-12,639675.00,592465.00,569404.00,560421.00,559266.00,576058.00,648838.00,736447.00,809737.00,851229.00,850183.00,848690.00,862193.00,870195.00,866952.00,858563.00,850677.00,834273.00,833902.00,836541.00,879280.00,928094.00,842240.00,729763.00
2014-05-13,618524.00,561991.00,539747.00,529705.00,529164.00,542447.00,609997.00,694168.00,763545.00,805859.00,818100.00,815203.00,802608.00,816382.00,815045.00,815471.00,821097.00,818006.00,814722.00,803965.00,843250.00,893471.00,803355.00,693239.00
2014-05-14,584864.00,535260.00,515123.00,506263.00,507951.00,522591.00,591841.00,677542.00,753216.00,808739.00,823793.00,826786.00,813992.00,827584.00,830437.00,831622.00,831544.00,824522.00,817214.00,803757.00,828443.00,889426.00,807728.00,697242.00
2014-05-15,606765.00,555758.00,535149.00,523326.00,527301.00,542339.00,613313.00,701112.00,782038.00,830798.00,851911.00,847884.00,842806.00,855584.00,861649.00,866309.00,866403.00,852362.00,843810.00,829125.00,844848.00,901870.00,827331.00,733049.00
2014-05-16,645273.00,586953.00,562340.00,554314.00,552852.00,564019.00,634845.00,717628.00,800884.00,849415.00,879029.00,883798.00,881415.00,896101.00,903715.00,907203.00,906797.00,895460.00,891548.00,866087.00,867630.00,932600.00,872652.00,758836.00
2014-05-17,674233.00,624357.00,599588.00,587149.00,578485.00,582348.00,629476.00,698327.00,793279.00,865496.00,898591.00,921422.00,919753.00,924294.00,927231.00,930320.00,935226.00,954372.00,943874.00,913272.00,901370.00,959528.00,909246.00,801308.00
2014-05-18,707230.00,647007.00,616899.00,597733.00,585926.00,568996.00,604694.00,658427.00,744181.00,827676.00,874907.00,906408.00,904126.00,921602.00,922572.00,926962.00,938613.00,948853.00,946866.00,930267.00,937214.00,1001404.00,938089.00,814904.00
2014-05-19,698688.00,653186.00,633254.00,619148.00,614958.00,621697.00,688784.00,774345.00,857328.00,922884.00,953140.00,955959.00,955456.00,970126.00,971305.00,961907.00,950018.00,919094.00,906139.00,888848.00,898348.00,946153.00,879271.00,765884.00
2014-05-20,675048.00,625189.00,604555.00,586713.00,579716.00,588975.00,663098.00,760730.00,839765.00,887702.00,910260.00,905335.00,895755.00,898615.00,900006.00,897039.00,900592.00,890607.00,890644.00,877796.00,876534.00,933368.00,872694.00,758612.00
2014-05-21,667842.00,618073.00,596671.00,586339.00,584281.00,600023.00,670394.00,762785.00,850764.00,914146.00,943187.00,942116.00,929956.00,950263.00,959465.00,961258.00,960933.00,952867.00,947878.00,919840.00,925963.00,980637.00,903957.00,783890.00
2014-05-22,697075.00,648587.00,624677.00,615649.00,607570.00,618792.00,699205.00,790897.00,858617.00,915999.00,935877.00,940191.00,945883.00,967894.00,970831.00,973661.00,975058.00,958018.00,949843.00,933958.00,937117.00,993694.00,925494.00,801386.00
2014-05-23,707117.00,655024.00,632275.00,619858.00,619785.00,636330.00,709080.00,771523.00,865546.00,924281.00,944767.00,948003.00,945955.00,983624.00,986266.00,985501.00,981303.00,973175.00,967730.00,947846.00,943784.00,994387.00,939403.00,825478.00
2014-05-24,726753.00,666721.00,641245.00,626084.00,615409.00,615646.00,659175.00,730398.00,813058.00,878004.00,924489.00,943917.00,926638.00,928927.00,928614.00,935006.00,934912.00,940548.00,938103.00,920044.00,907873.00,957673.00,923938.00,821603.00
2014-05-25,737994.00,681976.00,652370.00,636436.00,625043.00,614116.00,640824.00,689950.00,771451.00,846680.00,892990.00,918185.00,927544.00,934996.00,939374.00,940283.00,942161.00,940787.00,940904.00,928401.00,940203.00,986845.00,920301.00,807799.00
2014-05-26,722880.00,664814.00,636539.00,625194.00,621819.00,631039.00,699620.00,784179.00,878585.00,937752.00,954900.00,948796.00,942866.00,955180.00,962018.00,961795.00,960204.00,943434.00,932543.00,923982.00,940488.00,990630.00,918634.00,805396.00
2014-05-27,709145.00,662736.00,641013.00,631268.00,623634.00,630895.00,699537.00,792115.00,895459.00,959002.00,985406.00,986525.00,970758.00,986852.00,986924.00,985388.00,981885.00,975415.00,966703.00,941392.00,930061.00,983351.00,922053.00,803161.00
2014-05-28,710241.00,660810.00,635658.00,626954.00,618737.00,629027.00,700869.00,788820.00,895878.00,967629.00,996083.00,999661.00,994203.00,1000925.00,993664.00,981437.00,969399.00,954557.00,943640.00,919988.00,899570.00,928619.00,862787.00,758744.00
2014-05-29,675083.00,628064.00,601615.00,591231.00,586475.00,593365.00,655584.00,734086.00,812966.00,863881.00,877763.00,875624.00,875499.00,897744.00,899872.00,904575.00,915350.00,908260.00,905600.00,893048.00,895332.00,951650.00,899970.00,786151.00
2014-05-30,685315.00,628302.00,604109.00,596290.00,591303.00,600931.00,672215.00,752821.00,837413.00,889323.00,917341.00,919119.00,911660.00,919565.00,913899.00,903875.00,903401.00,893515.00,873596.00,852246.00,843622.00,895618.00,859823.00,751187.00
2014-05-31,667799.00,624176.00,598259.00,585621.00,571879.00,555887.00,591904.00,646852.00,734939.00,808596.00,842830.00,859357.00,846429.00,844252.00,839595.00,839103.00,848100.00,854312.00,855099.00,836798.00,830203.00,878695.00,844391.00,757520.00
2014-06-01,683802.00,623719.00,595824.00,583041.00,572575.00,562223.00,587967.00,622226.00,700686.00,789002.00,837860.00,854819.00,845592.00,846375.00,842038.00,843655.00,849369.00,860966.00,859689.00,855653.00,866946.00,911054.00,867146.00,763824.00
2014-06-02,678580.00,626777.00,605134.00,584263.00,569362.00,585431.00,657996.00,722379.00,818620.00,885764.00,907785.00,908531.00,898609.00,929030.00,937271.00,939743.00,934907.00,924769.00,920106.00,911567.00,914058.00,958750.00,910908.00,792736.00
2014-06-03,696743.00,642879.00,621408.00,609314.00,606336.00,618541.00,698240.00,796687.00,888893.00,949333.00,975008.00,979395.00,964417.00,970089.00,968067.00,968127.00,972349.00,965687.00,956667.00,936468.00,924205.00,965503.00,920216.00,806305.00
2014-06-04,710865.00,655337.00,625008.00,612668.00,600629.00,616819.00,698326.00,791975.00,879115.00,970399.00,998736.00,1011530.00,1007654.00,1016466.00,1013333.00,1004962.00,1016416.00,1016055.00,1014526.00,991471.00,970655.00,1009672.00,962825.00,838792.00
2014-06-05,731818.00,672959.00,648381.00,637999.00,627754.00,640424.00,721378.00,822209.00,927555.00,995650.00,1044123.00,1067095.00,1066072.00,1080764.00,1083341.00,1086815.00,1078420.00,1079042.00,1077096.00,1058038.00,1038579.00,1074050.00,1018118.00,886091.00
2014-06-06,778625.00,715598.00,684559.00,670421.00,661115.00,672005.00,744967.00,829081.00,940629.00,1021445.00,1060575.00,1071557.00,1077876.00,1092751.00,1096339.00,1113892.00,1114088.00,1101353.00,1090435.00,1063140.00,1033858.00,1066321.00,1002345.00,878346.00
2014-06-07,773398.00,707853.00,669426.00,653284.00,638175.00,635953.00,673981.00,747072.00,853478.00,935854.00,985684.00,1007784.00,1008214.00,1001390.00,1000118.00,1004918.00,1016122.00,1018825.00,1010109.00,979524.00,952805.00,981605.00,946827.00,840388.00
2014-06-08,744343.00,681697.00,650036.00,630310.00,617071.00,610314.00,619719.00,662153.00,753309.00,827700.00,880953.00,911262.00,918377.00,921565.00,919494.00,916921.00,921452.00,925762.00,918022.00,907054.00,905479.00,944253.00,910357.00,806881.00
2014-06-09,719183.00,664544.00,636407.00,625425.00,597591.00,608569.00,679203.00,766482.00,867719.00,932825.00,959138.00,974994.00,981317.00,993649.00,982698.00,975508.00,965868.00,931100.00,943692.00,931685.00,926817.00,955117.00,911620.00,795223.00
2014-06-10,696082.00,639241.00,617176.00,607662.00,597615.00,604485.00,665923.00,762561.00,865327.00,929068.00,955828.00,969704.00,968139.00,979956.00,969387.00,960216.00,969176.00,964801.00,948811.00,912581.00,905334.00,938884.00,903118.00,793627.00
2014-06-11,712926.00,665479.00,637270.00,624739.00,612503.00,621770.00,674028.00,761619.00,860209.00,919031.00,940593.00,955686.00,944003.00,946427.00,931266.00,910096.00,924466.00,921432.00,912948.00,893370.00,876758.00,913161.00,880658.00,784726.00
2014-06-12,707380.00,664276.00,628858.00,617882.00,602322.00,597572.00,625268.00,668194.00,738943.00,798942.00,833485.00,842903.00,830401.00,820138.00,812719.00,808802.00,812051.00,808047.00,816251.00,818864.00,816571.00,855781.00,846668.00,764543.00
2014-06-13,694536.00,646291.00,615781.00,596255.00,586870.00,579813.00,611608.00,652574.00,724233.00,764292.00,807499.00,818005.00,819390.00,818768.00,817365.00,814670.00,820639.00,820706.00,819694.00,817416.00,823052.00,864311.00,854412.00,772389.00
2014-06-14,699592.00,645968.00,610207.00,597400.00,585040.00,583488.00,610193.00,665225.00,754906.00,832774.00,865876.00,872312.00,863654.00,863207.00,855946.00,858229.00,864121.00,874908.00,870542.00,862128.00,861992.00,884041.00,855537.00,767670.00
2014-06-15,699032.00,648235.00,624829.00,613481.00,600054.00,593148.00,616534.00,659158.00,734965.00,807992.00,845031.00,842516.00,849700.00,846070.00,841509.00,832256.00,840508.00,847682.00,847051.00,844758.00,852434.00,898039.00,881693.00,783080.00
2014-06-16,699532.00,640882.00,613055.00,602740.00,594300.00,610369.00,687267.00,777202.00,873479.00,927166.00,941690.00,937086.00,932618.00,934945.00,931836.00,927261.00,921640.00,913122.00,893141.00,888283.00,889378.00,934299.00,909925.00,800131.00
2014-06-17,712642.00,663289.00,643123.00,628862.00,621317.00,634261.00,702083.00,784524.00,879257.00,951453.00,979869.00,983011.00,972572.00,973963.00,965760.00,950113.00,957373.00,953490.00,947834.00,933242.00,921476.00,952674.00,931298.00,824319.00
2014-06-18,731973.00,682428.00,662649.00,651055.00,644748.00,657005.00,725149.00,816417.00,907895.00,959155.00,978331.00,984056.00,984072.00,980761.00,961417.00,950246.00,943379.00,937679.00,932526.00,912964.00,898431.00,944085.00,908907.00,805493.00
2014-06-19,721244.00,672866.00,653193.00,635601.00,630862.00,638463.00,693700.00,772144.00,851882.00,909214.00,927924.00,922467.00,915087.00,916870.00,906033.00,901859.00,887816.00,870602.00,864334.00,851006.00,854638.00,899457.00,895058.00,795249.00
2014-06-20,680294.00,624869.00,600854.00,588071.00,579383.00,590679.00,653300.00,713222.00,796533.00,849588.00,871160.00,872353.00,869124.00,879832.00,880235.00,871213.00,867289.00,860566.00,854672.00,845040.00,848035.00,886137.00,876961.00,790688.00
2014-06-21,706463.00,654105.00,624843.00,619766.00,618402.00,612524.00,638986.00,694991.00,774178.00,847808.00,889008.00,904724.00,893908.00,890583.00,865431.00,837653.00,847706.00,849951.00,843264.00,822029.00,808422.00,851574.00,854205.00,774338.00
2014-06-22,694016.00,637741.00,610927.00,595447.00,587394.00,582958.00,601654.00,646378.00,717619.00,780249.00,818998.00,830541.00,823244.00,827003.00,824298.00,815509.00,781486.00,790648.00,799869.00,809647.00,808893.00,852712.00,862629.00,766240.00
2014-06-23,670699.00,609265.00,583167.00,567824.00,559907.00,570669.00,638541.00,728714.00,823673.00,870338.00,896777.00,900294.00,889962.00,908455.00,904791.00,896805.00,887067.00,866392.00,854786.00,840437.00,848573.00,869683.00,836176.00,780311.00
2014-06-24,702496.00,656629.00,633383.00,624901.00,617503.00,628237.00,694513.00,781295.00,870447.00,932394.00,946640.00,941503.00,932826.00,941100.00,936050.00,927888.00,915992.00,909772.00,904320.00,892600.00,877612.00,923070.00,907435.00,801143.00
2014-06-25,710205.00,657080.00,631367.00,623033.00,615530.00,623540.00,696142.00,783376.00,880444.00,945135.00,1004586.00,1004890.00,984945.00,987600.00,984312.00,983074.00,983152.00,973960.00,961670.00,944842.00,928141.00,959873.00,927895.00,824683.00
2014-06-26,740982.00,677855.00,643860.00,635888.00,625472.00,633769.00,711978.00,811616.00,896986.00,948887.00,970520.00,970380.00,955811.00,972749.00,962071.00,957276.00,956874.00,955111.00,948533.00,931573.00,928406.00,962501.00,934654.00,839570.00
2014-06-27,760792.00,703505.00,680078.00,656601.00,654609.00,670180.00,721052.00,784306.00,869476.00,934420.00,953344.00,955176.00,957611.00,959756.00,954329.00,942181.00,933818.00,906934.00,888880.00,867446.00,852563.00,905505.00,884306.00,793524.00
2014-06-28,710653.00,654202.00,626957.00,613018.00,605970.00,598048.00,623388.00,668346.00,746722.00,813848.00,842969.00,851215.00,841954.00,835043.00,828084.00,827908.00,835297.00,840457.00,840565.00,827478.00,809519.00,858497.00,856044.00,776038.00
2014-06-29,694365.00,643609.00,617190.00,604467.00,588392.00,575690.00,602986.00,649128.00,723303.00,792875.00,828729.00,842742.00,832039.00,828809.00,823151.00,818202.00,823896.00,829790.00,824689.00,818772.00,818572.00,859433.00,852744.00,763224.00
2014-06-30,680569.00,626028.00,602546.00,593108.00,586891.00,600172.00,672448.00,774294.00,842168.00,898281.00,919689.00,928682.00,926958.00,938549.00,929645.00,922764.00,923079.00,919698.00,916659.00,899824.00,891784.00,928788.00,914827.00,803685.00
2014-07-01,763484.00,721214.00,686973.00,670205.00,665982.00,680697.00,743170.00,827015.00,912745.00,982466.00,1001475.00,1015852.00,1004974.00,1011395.00,1012675.00,1014913.00,1015372.00,1011434.00,994592.00,971591.00,964538.00,997854.00,993246.00,892097.00
2014-07-02,787993.00,724920.00,704505.00,693406.00,685071.00,689953.00,755560.00,846408.00,945389.00,1013947.00,1046822.00,1054728.00,1035548.00,1040738.00,1049574.00,1054975.00,1057848.00,1050518.00,1049926.00,1035796.00,1006834.00,1038898.00,1004163.00,907325.00
2014-07-03,824087.00,781406.00,756990.00,742022.00,728752.00,728179.00,784911.00,867795.00,953994.00,1024458.00,1048555.00,1064171.00,1082390.00,1095148.00,1105102.00,1106151.00,1109072.00,1087546.00,1078374.00,1072577.00,1058892.00,1087185.00,1057024.00,959063.00
2014-07-04,846568.00,783135.00,759538.00,743529.00,724067.00,732384.00,789809.00,869765.00,970861.00,1031962.00,1063250.00,1086187.00,1101498.00,1115011.00,1110210.00,1110361.00,1094755.00,1074949.00,1047107.00,1025512.00,1019758.00,1026866.00,964211.00,868863.00
2014-07-05,789739.00,743467.00,721474.00,707611.00,700143.00,693907.00,721921.00,775535.00,858340.00,941524.00,975944.00,997191.00,995436.00,1001956.00,1013451.00,1017399.00,1028178.00,1031525.00,1005730.00,992739.00,986318.00,1013546.00,994812.00,901293.00
2014-07-06,811051.00,760565.00,728938.00,711959.00,701651.00,704660.00,727158.00,757673.00,827118.00,912398.00,971378.00,1000949.00,1014107.00,1021054.00,1026260.00,1038984.00,1043181.00,1026825.00,1003628.00,993155.00,996675.00,1017421.00,964795.00,859312.00
2014-07-07,779019.00,739352.00,718508.00,701110.00,705229.00,714285.00,763274.00,843356.00,917887.00,978733.00,1013545.00,1017303.00,1020182.00,1063626.00,1065711.00,1074011.00,1062814.00,1046821.00,1040182.00,1023012.00,1025607.00,1039194.00,982095.00,887344.00
2014-07-08,805295.00,758846.00,728170.00,722183.00,717934.00,727753.00,767129.00,818187.00,895999.00,958064.00,985340.00,990072.00,983588.00,996900.00,995627.00,995638.00,993551.00,981129.00,971025.00,962391.00,979103.00,998368.00,975566.00,893021.00
2014-07-09,806400.00,755540.00,733627.00,711652.00,709476.00,722193.00,777331.00,848543.00,933354.00,1005729.00,1053317.00,1052401.00,1036169.00,1033267.00,1040409.00,1016660.00,1014044.00,1014116.00,994149.00,972538.00,955886.00,989425.00,947359.00,862221.00
2014-07-10,782291.00,726442.00,699551.00,682002.00,673206.00,679330.00,730624.00,814783.00,897867.00,966118.00,995114.00,1000769.00,998717.00,1005876.00,1005222.00,1004561.00,1007177.00,1006477.00,989361.00,965969.00,955791.00,999402.00,967830.00,883629.00
2014-07-11,789111.00,726190.00,706064.00,695426.00,675343.00,687221.00,745525.00,810156.00,913910.00,993371.00,1021275.00,1029891.00,1062692.00,1068770.00,1065331.00,1087122.00,1061790.00,1027584.00,1010294.00,992940.00,960126.00,1003946.00,979077.00,890279.00
2014-07-12,810213.00,754773.00,729125.00,712790.00,694127.00,692548.00,710646.00,772939.00,848988.00,931286.00,973833.00,997136.00,971995.00,982069.00,979075.00,972356.00,983218.00,983272.00,976882.00,956907.00,933938.00,950458.00,918259.00,842815.00
2014-07-13,776884.00,730113.00,694574.00,672346.00,661122.00,658237.00,683368.00,719558.00,781597.00,844780.00,880004.00,899530.00,893039.00,885743.00,887263.00,878463.00,895111.00,905401.00,901004.00,902792.00,898428.00,944799.00,924292.00,839533.00
2014-07-14,761303.00,708338.00,675649.00,657970.00,650537.00,663662.00,725936.00,793085.00,895833.00,958346.00,996597.00,1015860.00,1008373.00,1018855.00,1035068.00,1035007.00,1009251.00,1007700.00,1005325.00,989829.00,968886.00,986946.00,947052.00,830972.00
2014-07-15,755132.00,717615.00,685307.00,677471.00,645451.00,649358.00,710258.00,793873.00,897801.00,977965.00,1006368.00,1017406.00,1014030.00,1026273.00,997326.00,1007111.00,1018257.00,1010564.00,1006976.00,991692.00,971950.00,989896.00,943168.00,836690.00
2014-07-16,745360.00,688549.00,667362.00,667376.00,661524.00,654716.00,716348.00,810195.00,915438.00,999071.00,1007080.00,1015079.00,995275.00,1002677.00,1026527.00,1040342.00,1047911.00,1053980.00,1076125.00,1067494.00,1046229.00,1067869.00,1025850.00,917880.00
2014-07-17,820986.00,759442.00,725830.00,713769.00,700555.00,705084.00,773712.00,855518.00,950861.00,1031351.00,1067890.00,1101270.00,1119464.00,1132071.00,1140210.00,1141037.00,1134859.00,1117551.00,1114950.00,1099260.00,1066176.00,1091217.00,1057176.00,931049.00
2014-07-18,849674.00,793351.00,765540.00,751262.00,739554.00,743079.00,790185.00,852910.00,965721.00,1047797.00,1087989.00,1114295.00,1119794.00,1157572.00,1155949.00,1144368.00,1131795.00,1117271.00,1103266.00,1080016.00,1051226.00,1052825.00,989811.00,891576.00
2014-07-19,815347.00,768260.00,746784.00,737115.00,728667.00,725048.00,740514.00,785735.00,854754.00,916415.00,951497.00,959151.00,946696.00,952279.00,945168.00,944912.00,965880.00,972768.00,963331.00,949126.00,917342.00,942395.00,926782.00,848486.00
2014-07-20,777198.00,732632.00,706327.00,688212.00,676089.00,667890.00,692132.00,731830.00,810830.00,885942.00,922970.00,935803.00,930116.00,929229.00,934681.00,929304.00,929401.00,940106.00,944888.00,938733.00,928379.00,972917.00,945713.00,837708.00
2014-07-21,740862.00,693953.00,665770.00,650118.00,651509.00,673524.00,724185.00,795870.00,906022.00,966857.00,987584.00,995655.00,988901.00,1007547.00,1008228.00,1015156.00,1013169.00,997619.00,989812.00,978050.00,968639.00,996686.00,960425.00,867597.00
2014-07-22,786675.00,734758.00,691860.00,684508.00,684190.00,682149.00,733691.00,806995.00,893824.00,968555.00,998229.00,989918.00,968255.00,966208.00,966850.00,954922.00,972784.00,972411.00,963128.00,948262.00,940871.00,960794.00,902585.00,807959.00
2014-07-23,739108.00,699459.00,685007.00,673632.00,673348.00,681283.00,737248.00,817800.00,909320.00,969086.00,945612.00,906546.00,900364.00,917805.00,925949.00,927298.00,942430.00,943014.00,933938.00,891989.00,893329.00,947031.00,904386.00,797484.00
2014-07-24,728799.00,683900.00,662274.00,658209.00,659571.00,669108.00,708561.00,789354.00,880922.00,969202.00,996607.00,993316.00,988204.00,991670.00,979494.00,967301.00,965521.00,959064.00,951028.00,940844.00,951086.00,977111.00,911872.00,821548.00
2014-07-25,747388.00,701781.00,681295.00,670790.00,686171.00,688949.00,736822.00,811095.00,889517.00,928275.00,961357.00,987827.00,988024.00,1005127.00,1007569.00,1010983.00,1005274.00,996721.00,983223.00,959390.00,940965.00,974665.00,938608.00,841470.00
2014-07-26,761412.00,713679.00,697071.00,687323.00,681123.00,671762.00,710000.00,774650.00,858545.00,936101.00,983592.00,996937.00,991883.00,986683.00,981051.00,985454.00,986386.00,994038.00,975001.00,967784.00,946258.00,975602.00,936930.00,843597.00
2014-07-27,782750.00,724504.00,718533.00,708543.00,700062.00,684213.00,702253.00,750021.00,821376.00,890932.00,922383.00,925435.00,921012.00,914532.00,916569.00,918081.00,921119.00,922798.00,919187.00,914066.00,898848.00,940979.00,897310.00,803121.00
2014-07-28,730015.00,679637.00,652222.00,645928.00,644597.00,650445.00,714368.00,798599.00,890025.00,960762.00,975293.00,974786.00,976976.00,977500.00,974115.00,972227.00,970474.00,952146.00,955720.00,943070.00,937130.00,983315.00,929925.00,827900.00
2014-07-29,736441.00,676321.00,646491.00,645891.00,643634.00,650364.00,705503.00,779536.00,878471.00,965657.00,1013530.00,1018601.00,1014548.00,1021550.00,1024416.00,1036605.00,1026759.00,1013841.00,1013962.00,986872.00,970753.00,1000527.00,943572.00,835635.00
2014-07-30,757398.00,709429.00,684565.00,667407.00,656388.00,657064.00,704792.00,789792.00,881722.00,956444.00,1000739.00,1011731.00,1011535.00,1024700.00,1031720.00,1034183.00,1063190.00,1066779.00,1057336.00,1023331.00,998413.00,1030016.00,970874.00,857419.00
2014-07-31,776015.00,731171.00,709632.00,697479.00,691864.00,704219.00,752869.00,835278.00,942867.00,1020547.00,1046424.00,1066591.00,1076013.00,1087957.00,1062180.00,1068404.00,1074448.00,1058666.00,1054852.00,1037865.00,1018552.00,1056518.00,996021.00,885887.00
2014-08-01,841372.00,785403.00,753198.00,735107.00,733630.00,733599.00,766753.00,865303.00,979472.00,1048027.00,1108358.00,1131425.00,1147236.00,1169804.00,1174707.00,1175503.00,1145128.00,1111388.00,1103517.00,1072229.00,1052867.00,1092357.00,1027924.00,931613.00
2014-08-02,844896.00,766634.00,739774.00,715967.00,682694.00,679640.00,682951.00,742093.00,832976.00,927953.00,1008411.00,1040421.00,1033168.00,1019058.00,1027392.00,1034357.00,1029945.00,1050284.00,1064408.00,1043723.00,1022443.00,1069854.00,1009183.00,901897.00
2014-08-03,822162.00,770486.00,733166.00,711552.00,700946.00,683750.00,681872.00,726165.00,845759.00,947488.00,984241.00,996900.00,983869.00,976800.00,1005515.00,1008807.00,1017310.00,1038208.00,1042812.00,1038769.00,1039393.00,1092996.00,1028039.00,929953.00
2014-08-04,838566.00,774216.00,748076.00,735456.00,733748.00,728162.00,768730.00,848630.00,977550.00,1028764.00,1071068.00,1083997.00,1102191.00,1121424.00,1163831.00,1161474.00,1141291.00,1122884.00,1088470.00,1059744.00,1074773.00,1072421.00,995009.00,895031.00
2014-08-05,817637.00,759613.00,731406.00,723397.00,703956.00,702598.00,748401.00,827544.00,926335.00,1002883.00,1034077.00,1036147.00,1041977.00,1077169.00,1105936.00,1102926.00,1109318.00,1107735.00,1106298.00,1089556.00,1078407.00,1077652.00,1013204.00,894828.00
2014-08-06,804827.00,751759.00,724370.00,709224.00,699993.00,717499.00,757258.00,862078.00,964794.00,1021387.00,1062445.00,1071023.00,1081902.00,1090684.00,1096806.00,1097896.00,1097196.00,1091565.00,1075758.00,1042666.00,1046956.00,1067776.00,1011918.00,911352.00
2014-08-07,827051.00,779117.00,750441.00,747678.00,753253.00,756793.00,782823.00,860175.00,942177.00,1004920.00,1028323.00,1018711.00,1006651.00,1032441.00,1055849.00,1063042.00,1049133.00,1034810.00,1006136.00,1010540.00,1018358.00,1043166.00,973743.00,892229.00
2014-08-08,798941.00,750358.00,725330.00,721767.00,721898.00,728921.00,768330.00,841576.00,931745.00,1005437.00,1088695.00,1120476.00,1133123.00,1158158.00,1162412.00,1158652.00,1159308.00,1153492.00,1150083.00,1124895.00,1118200.00,1160776.00,1093971.00,985121.00
2014-08-09,882260.00,785857.00,750558.00,744255.00,738497.00,721382.00,733341.00,791507.00,897973.00,984431.00,1048428.00,1105960.00,1100372.00,1105950.00,1111975.00,1112517.00,1119955.00,1124340.00,1116594.00,1094404.00,1085361.00,1121192.00,1057566.00,967052.00
2014-08-10,875867.00,779553.00,755316.00,741459.00,731025.00,719962.00,725494.00,769403.00,863701.00,949949.00,997449.00,1022622.00,1034015.00,1043963.00,1048073.00,1048404.00,1084805.00,1092658.00,1100205.00,1089361.00,1099116.00,1142643.00,1068939.00,962041.00
2014-08-11,850021.00,786882.00,756188.00,746438.00,742871.00,746509.00,777611.00,869436.00,981136.00,1116910.00,1163234.00,1187556.00,1196854.00,1210486.00,1210346.00,1206743.00,1198374.00,1177238.00,1162135.00,1147597.00,1158007.00,1188748.00,1102868.00,998973.00
2014-08-12,883618.00,804644.00,770489.00,762392.00,765508.00,769824.00,813842.00,897557.00,1006420.00,1113232.00,1192926.00,1224736.00,1236557.00,1259262.00,1257591.00,1228014.00,1178109.00,1141146.00,1120312.00,1087865.00,1075756.00,1074882.00,989590.00,899730.00
2014-08-13,813514.00,757770.00,727538.00,716697.00,711716.00,720634.00,761088.00,847083.00,965378.00,1085929.00,1156066.00,1182376.00,1186605.00,1200739.00,1203636.00,1204189.00,1207270.00,1193089.00,1183502.00,1152401.00,1154514.00,1196340.00,1113014.00,993617.00
2014-08-14,899660.00,842715.00,790282.00,767852.00,760496.00,756379.00,799245.00,903611.00,1021764.00,1138938.00,1199326.00,1227242.00,1240877.00,1263084.00,1271348.00,1272133.00,1252928.00,1235683.00,1238409.00,1217107.00,1219233.00,1255452.00,1151239.00,1030671.00
2014-08-15,941599.00,871002.00,805956.00,782179.00,771043.00,778082.00,809199.00,900636.00,1029494.00,1127530.00,1204965.00,1254812.00,1270297.00,1292239.00,1297620.00,1277490.00,1280996.00,1276331.00,1264880.00,1230103.00,1220614.00,1254108.00,1181541.00,1071413.00
2014-08-16,966752.00,899708.00,861150.00,813976.00,797293.00,789338.00,792465.00,855934.00,951491.00,1051037.00,1113701.00,1151161.00,1144748.00,1148623.00,1159262.00,1166231.00,1180269.00,1185124.00,1165880.00,1137890.00,1142216.00,1161403.00,1081958.00,989100.00
2014-08-17,905017.00,835758.00,817501.00,799034.00,782384.00,774945.00,771961.00,806478.00,897058.00,989707.00,1048928.00,1082073.00,1088383.00,1100816.00,1094776.00,1091902.00,1090571.00,1083918.00,1069220.00,1053268.00,1073098.00,1096158.00,1022883.00,923314.00
2014-08-18,846285.00,792223.00,761064.00,737183.00,739747.00,755609.00,784659.00,842588.00,915764.00,990658.00,997887.00,1013785.00,1035345.00,1063407.00,1083030.00,1105777.00,1082547.00,1067815.00,1002560.00,1000122.00,1033852.00,1051174.00,974222.00,882976.00
2014-08-19,796048.00,726673.00,705745.00,686467.00,680140.00,681013.00,701510.00,764418.00,854608.00,925549.00,943955.00,962991.00,978063.00,998943.00,1004615.00,1013155.00,1001100.00,980815.00,979655.00,966019.00,990744.00,1006133.00,924848.00,829058.00
2014-08-20,745041.00,692902.00,676144.00,661364.00,660379.00,663341.00,690872.00,760557.00,840699.00,891669.00,916404.00,917447.00,912431.00,927534.00,941572.00,960076.00,966193.00,953731.00,942036.00,919549.00,949507.00,976152.00,896873.00,811446.00
2014-08-21,736967.00,685809.00,666945.00,644433.00,637403.00,648924.00,687238.00,760831.00,854324.00,919418.00,951097.00,959377.00,963553.00,958417.00,961429.00,958860.00,973301.00,979817.00,953460.00,940431.00,988243.00,1002849.00,914322.00,825081.00
2014-08-22,747958.00,693242.00,664927.00,657675.00,651743.00,659919.00,691744.00,757149.00,861671.00,930351.00,940072.00,943889.00,941932.00,963132.00,970524.00,965608.00,957785.00,973919.00,975369.00,949213.00,976453.00,984167.00,906769.00,822716.00
2014-08-23,745197.00,691053.00,661157.00,646243.00,644755.00,648581.00,652760.00,697146.00,777366.00,854765.00,908616.00,932581.00,944410.00,958093.00,1000857.00,1042255.00,1053411.00,1054536.00,1049909.00,1025172.00,1042490.00,1031661.00,956740.00,878462.00
2014-08-24,800465.00,741329.00,711517.00,693518.00,684384.00,688955.00,695650.00,728789.00,795341.00,870229.00,927755.00,959589.00,961681.00,962070.00,966025.00,980592.00,992142.00,995442.00,983629.00,978622.00,1019225.00,1023687.00,946313.00,860666.00
2014-08-25,790750.00,733050.00,703949.00,693408.00,687718.00,699281.00,738413.00,809062.00,909451.00,979197.00,1003564.00,1030733.00,1041523.00,1033360.00,1049862.00,1058333.00,1038973.00,1013360.00,991157.00,956494.00,1001698.00,1002082.00,929198.00,837505.00
2014-08-26,755471.00,703869.00,685016.00,684529.00,653996.00,672080.00,696789.00,768657.00,869136.00,928535.00,971077.00,990507.00,998133.00,1007632.00,997686.00,975658.00,973808.00,954722.00,933309.00,906992.00,956679.00,944277.00,875420.00,784071.00
2014-08-27,709281.00,660156.00,635051.00,641769.00,635409.00,650722.00,682746.00,774738.00,859509.00,908075.00,917694.00,912108.00,901271.00,907868.00,910339.00,910674.00,907765.00,907576.00,912513.00,913486.00,954990.00,950600.00,869788.00,789701.00
2014-08-28,733697.00,695888.00,671570.00,652143.00,659415.00,683804.00,708870.00,761046.00,857656.00,894659.00,893570.00,932242.00,937280.00,964275.00,988345.00,986404.00,1010443.00,1006805.00,977752.00,975860.00,1024367.00,989432.00,901806.00,803068.00
2014-08-29,742968.00,688858.00,659065.00,655499.00,653790.00,669939.00,709863.00,764311.00,836325.00,874039.00,899706.00,888068.00,889516.00,892342.00,920821.00,925574.00,917650.00,900186.00,892435.00,893934.00,959254.00,937084.00,865011.00,787189.00
2014-08-30,707928.00,671630.00,649605.00,629989.00,629321.00,638508.00,648511.00,690039.00,771561.00,849590.00,876040.00,877306.00,872613.00,878934.00,875394.00,864575.00,856099.00,866937.00,851893.00,847929.00,895241.00,875278.00,814182.00,739517.00
2014-08-31,671716.00,632669.00,598191.00,590262.00,593383.00,601204.00,611268.00,649087.00,725323.00,797242.00,844707.00,851939.00,842313.00,836947.00,834447.00,831257.00,825323.00,829316.00,831254.00,844034.00,927752.00,915147.00,839422.00,744233.00
2014-09-01,660704.00,619439.00,601407.00,602038.00,606063.00,630826.00,684383.00,781795.00,848117.00,882478.00,905987.00,903756.00,901497.00,899458.00,892135.00,897227.00,902397.00,881282.00,852889.00,851968.00,925129.00,893820.00,810561.00,718589.00
2014-09-02,664338.00,626919.00,608787.00,599479.00,599558.00,626629.00,673282.00,755299.00,829655.00,878881.00,894185.00,887576.00,885093.00,887040.00,888283.00,893352.00,880734.00,864188.00,854104.00,864047.00,935961.00,908526.00,819184.00,725512.00
2014-09-03,661304.00,619092.00,600049.00,588291.00,594383.00,636335.00,688509.00,760666.00,815394.00,881969.00,902533.00,904278.00,895337.00,899986.00,891269.00,915586.00,926324.00,945774.00,912399.00,902170.00,969979.00,928827.00,853887.00,746818.00
2014-09-04,663156.00,630386.00,611430.00,607637.00,617529.00,637671.00,696971.00,789905.00,844708.00,904470.00,906511.00,907415.00,906188.00,919067.00,906099.00,915754.00,915296.00,911236.00,892492.00,915187.00,980325.00,926015.00,837805.00,750540.00
2014-09-05,668803.00,626989.00,602963.00,605591.00,605250.00,634061.00,702508.00,775925.00,835387.00,899723.00,912397.00,903196.00,901863.00,895758.00,881012.00,889998.00,891901.00,879080.00,879656.00,907489.00,973645.00,923618.00,853664.00,762517.00
2014-09-06,700633.00,652442.00,616647.00,603671.00,609387.00,629316.00,649817.00,698629.00,782617.00,834635.00,865238.00,887801.00,872114.00,871827.00,864929.00,866664.00,877531.00,876938.00,859507.00,869244.00,953366.00,911834.00,853179.00,764199.00
2014-09-07,684528.00,656491.00,635357.00,606370.00,600052.00,612593.00,613671.00,657759.00,743980.00,809688.00,850568.00,858759.00,857780.00,854072.00,861651.00,862323.00,863087.00,854639.00,844532.00,877891.00,946430.00,913137.00,850577.00,738541.00
2014-09-08,655995.00,620067.00,620961.00,591891.00,602032.00,644904.00,695222.00,775164.00,836418.00,907821.00,954590.00,938784.00,961830.00,931683.00,922410.00,918958.00,912218.00,915122.00,918567.00,971523.00,1004679.00,921705.00,851959.00,759007.00
2014-09-09,675361.00,632722.00,610744.00,605432.00,636042.00,679254.00,756446.00,851786.00,904097.00,930725.00,936528.00,929176.00,914112.00,896976.00,865098.00,862870.00,881694.00,883129.00,895372.00,947089.00,975812.00,905816.00,843496.00,739225.00
2014-09-10,659375.00,636129.00,616076.00,619002.00,618866.00,640802.00,727305.00,808361.00,855618.00,886130.00,912451.00,910477.00,891019.00,851985.00,829326.00,845406.00,868885.00,876525.00,864982.00,909751.00,958879.00,914755.00,850102.00,769351.00
2014-09-11,677120.00,638779.00,613112.00,603451.00,610383.00,647888.00,713176.00,784747.00,829856.00,875720.00,896520.00,890013.00,870749.00,879113.00,872975.00,862408.00,880516.00,884029.00,885389.00,923758.00,968313.00,943862.00,847572.00,740182.00
2014-09-12,634430.00,608385.00,587657.00,583779.00,595718.00,633904.00,695838.00,763964.00,823599.00,855824.00,872819.00,862468.00,855739.00,857620.00,838976.00,847434.00,836742.00,839027.00,856307.00,917865.00,936399.00,876597.00,801924.00,719283.00
2014-09-13,658594.00,614741.00,601186.00,584489.00,595356.00,609796.00,630938.00,688999.00,746173.00,798952.00,822344.00,821667.00,810880.00,800146.00,792387.00,796961.00,798338.00,794515.00,799922.00,866793.00,906475.00,881742.00,806355.00,733382.00
2014-09-14,667552.00,629622.00,605014.00,595527.00,598273.00,609557.00,606971.00,639033.00,698699.00,740244.00,772888.00,777158.00,777756.00,776366.00,768899.00,766553.00,766510.00,769049.00,770983.00,832316.00,921242.00,886366.00,792373.00,691882.00
2014-09-15,637752.00,598506.00,589118.00,576593.00,583847.00,622945.00,679594.00,750029.00,796277.00,839494.00,861879.00,851753.00,840207.00,838004.00,827681.00,837555.00,831932.00,824036.00,819496.00,883264.00,908742.00,859551.00,762391.00,686332.00
2014-09-16,624564.00,593057.00,575075.00,543710.00,542490.00,581529.00,646797.00,708970.00,756935.00,795339.00,819002.00,842045.00,829770.00,834164.00,823408.00,825858.00,823644.00,802015.00,809942.00,872442.00,905148.00,863852.00,783863.00,703013.00
2014-09-17,639710.00,594806.00,579209.00,572629.00,573914.00,598831.00,662335.00,722621.00,774302.00,812704.00,818216.00,813948.00,797953.00,788327.00,791600.00,777879.00,759376.00,775732.00,798751.00,862212.00,919615.00,880770.00,790507.00,706220.00
2014-09-18,647485.00,601621.00,595432.00,585758.00,590778.00,627533.00,686529.00,746193.00,795128.00,826919.00,833263.00,803074.00,772963.00,778447.00,786724.00,783312.00,775234.00,765707.00,779939.00,858535.00,904254.00,894700.00,824496.00,733727.00
2014-09-19,641897.00,608520.00,601949.00,594848.00,603917.00,630359.00,706686.00,740355.00,805080.00,842102.00,840258.00,846521.00,823213.00,830113.00,847752.00,845829.00,833611.00,827996.00,849254.00,913411.00,965408.00,923090.00,845026.00,763243.00
2014-09-20,689688.00,638629.00,613161.00,594710.00,599078.00,612959.00,653997.00,683606.00,748315.00,808106.00,840761.00,834327.00,815434.00,807130.00,799210.00,794224.00,779700.00,791266.00,799174.00,858742.00,904582.00,879430.00,807205.00,729668.00
2014-09-21,652909.00,611570.00,588975.00,577341.00,573799.00,595507.00,611652.00,636203.00,698452.00,759398.00,782860.00,787532.00,791525.00,769598.00,755224.00,753086.00,759050.00,770540.00,807491.00,898196.00,930570.00,886118.00,795691.00,704850.00
2014-09-22,648989.00,612148.00,594844.00,586649.00,588320.00,631426.00,694279.00,764241.00,808658.00,841259.00,838352.00,828538.00,817617.00,817671.00,799406.00,773789.00,763754.00,754070.00,775445.00,890724.00,941447.00,900297.00,819219.00,717533.00
2014-09-23,656615.00,615484.00,588546.00,589567.00,592730.00,620450.00,690036.00,743393.00,789022.00,817004.00,830020.00,828259.00,816208.00,817796.00,809492.00,793074.00,762339.00,771912.00,791798.00,890064.00,918700.00,881129.00,800864.00,716875.00
2014-09-24,643898.00,606905.00,592673.00,586001.00,588987.00,616895.00,684803.00,746235.00,827144.00,917368.00,930877.00,913788.00,903786.00,917252.00,893552.00,872405.00,865542.00,877473.00,913948.00,989353.00,980797.00,931370.00,861647.00,780069.00
2014-09-25,700144.00,653173.00,632804.00,631106.00,639183.00,677239.00,749131.00,816042.00,876545.00,914940.00,923254.00,924963.00,919217.00,948971.00,944810.00,944261.00,955146.00,963271.00,976740.00,1048651.00,1046976.00,996982.00,934579.00,844327.00
2014-09-26,769710.00,735158.00,699040.00,693883.00,705123.00,744594.00,830503.00,892988.00,938619.00,963846.00,960618.00,940761.00,917836.00,914024.00,898796.00,895978.00,854037.00,852219.00,887195.00,1011641.00,1032008.00,963703.00,854607.00,765467.00
2014-09-27,693396.00,636044.00,619156.00,617134.00,615030.00,632274.00,655529.00,681098.00,729596.00,762742.00,780139.00,775768.00,748323.00,736301.00,743202.00,692452.00,740427.00,765721.00,771939.00,858297.00,874751.00,847115.00,794037.00,715979.00
2014-09-28,654436.00,608653.00,592412.00,584707.00,592043.00,614792.00,637173.00,636232.00,673498.00,730705.00,749230.00,762654.00,752053.00,755140.00,761763.00,774137.00,782327.00,802807.00,831916.00,898487.00,922874.00,878067.00,792312.00,712468.00
2014-09-29,653927.00,628698.00,609741.00,607459.00,616915.00,649516.00,736162.00,790655.00,837990.00,878095.00,883637.00,879133.00,864686.00,856931.00,846368.00,847426.00,839714.00,828610.00,849659.00,962082.00,978923.00,948063.00,856787.00,763442.00
2014-09-30,702132.00,660117.00,642904.00,636205.00,637476.00,675591.00,751575.00,814209.00,875484.00,916336.00,928851.00,908342.00,895629.00,911498.00,907563.00,905117.00,911232.00,904915.00,907486.00,994038.00,990281.00,957694.00,869688.00,776410.00
2014-10-01,652090.00,609671.00,588306.00,581159.00,581201.00,640184.00,710919.00,784170.00,822372.00,861995.00,871755.00,861754.00,837865.00,836479.00,843220.00,843075.00,845650.00,850240.00,901555.00,989936.00,1000993.00,953601.00,842796.00,735991.00
2014-10-02,657769.00,609981.00,574328.00,573850.00,576429.00,624873.00,710958.00,802665.00,870239.00,917924.00,928944.00,915684.00,905399.00,918894.00,899136.00,897936.00,883301.00,885120.00,951050.00,1045166.00,1051840.00,987895.00,897225.00,792654.00
2014-10-03,741773.00,698807.00,667641.00,662525.00,675307.00,699871.00,791636.00,834409.00,905522.00,941673.00,941253.00,932558.00,907397.00,898128.00,886185.00,862297.00,844771.00,859353.00,912349.00,1016698.00,1021077.00,982128.00,916688.00,828799.00
2014-10-04,745169.00,686559.00,657429.00,644890.00,661832.00,685278.00,735503.00,774134.00,820901.00,858651.00,890258.00,874151.00,883135.00,892931.00,879867.00,863818.00,871775.00,886218.00,947531.00,1018641.00,1022092.00,983790.00,910599.00,831957.00
2014-10-05,757445.00,722425.00,701057.00,693744.00,691203.00,699488.00,719018.00,752747.00,792481.00,837083.00,859279.00,852935.00,847705.00,852720.00,848249.00,839445.00,845639.00,891324.00,964310.00,1030482.00,1038330.00,1001229.00,910940.00,823172.00
2014-10-06,753079.00,699837.00,669974.00,659694.00,661944.00,712558.00,823868.00,895069.00,975865.00,1029420.00,1039217.00,1040973.00,1035244.00,1038686.00,1032566.00,1022174.00,1007674.00,1012729.00,1082256.00,1149190.00,1129287.00,1093701.00,983727.00,907653.00
2014-10-07,806501.00,752544.00,743859.00,733546.00,754613.00,801254.00,893223.00,962332.00,1051640.00,1097944.00,1095250.00,1073747.00,1039416.00,1031803.00,1014373.00,1004152.00,980256.00,977168.00,1029848.00,1142620.00,1168911.00,1109871.00,1020803.00,921900.00
2014-10-08,826704.00,784340.00,763407.00,753404.00,759008.00,809439.00,904120.00,981183.00,1073913.00,1094692.00,1092033.00,1072479.00,1024778.00,1005666.00,986719.00,973133.00,962544.00,979268.00,1044189.00,1156835.00,1163251.00,1128761.00,1024003.00,923475.00
2014-10-09,849145.00,803680.00,785223.00,779314.00,770030.00,824925.00,920017.00,962373.00,1023687.00,1049951.00,1052025.00,1034535.00,999968.00,982524.00,950169.00,958162.00,943207.00,959590.00,1050889.00,1164921.00,1175357.00,1132141.00,1022799.00,904304.00
2014-10-10,810016.00,761110.00,748383.00,747556.00,763783.00,800587.00,892581.00,981661.00,1041116.00,1074750.00,1053887.00,1001597.00,959194.00,957154.00,936212.00,916768.00,895891.00,908991.00,973077.00,1072038.00,1074222.00,1041175.00,945340.00,863902.00
2014-10-11,791836.00,742678.00,715855.00,692233.00,693792.00,730856.00,768259.00,781800.00,846509.00,878737.00,891028.00,882382.00,837303.00,836521.00,840396.00,836554.00,840368.00,850223.00,913610.00,1026373.00,1023307.00,970329.00,911643.00,833732.00
2014-10-12,772084.00,718262.00,689933.00,673376.00,673447.00,691980.00,721661.00,726472.00,781822.00,820179.00,836715.00,825163.00,809775.00,794742.00,781840.00,773929.00,773583.00,789841.00,878832.00,999581.00,1005338.00,960689.00,886201.00,807299.00
2014-10-13,746961.00,700967.00,686055.00,660829.00,682138.00,710784.00,796485.00,874774.00,933359.00,970397.00,966480.00,946543.00,910986.00,903620.00,894731.00,879451.00,866484.00,871295.00,961940.00,1061338.00,1081981.00,1036627.00,933831.00,838688.00
2014-10-14,753307.00,700779.00,700140.00,683821.00,694621.00,750104.00,856054.00,904480.00,947670.00,974981.00,955524.00,931818.00,897508.00,900448.00,887262.00,882249.00,873645.00,881321.00,979066.00,1069469.00,1064839.00,1024398.00,923352.00,841769.00
2014-10-15,753637.00,704173.00,687575.00,671926.00,692121.00,722951.00,822775.00,883898.00,933373.00,941355.00,929797.00,927782.00,898946.00,900230.00,892532.00,892432.00,880048.00,881978.00,974141.00,1059135.00,1062045.00,1026220.00,939429.00,844616.00
2014-10-16,738735.00,707650.00,716916.00,696666.00,703016.00,742016.00,845698.00,901669.00,949681.00,988408.00,986395.00,985660.00,957187.00,953512.00,937656.00,934423.00,923057.00,925314.00,1008707.00,1080788.00,1078372.00,1019950.00,902541.00,835787.00
2014-10-17,760363.00,715073.00,687160.00,681650.00,694716.00,750727.00,846775.00,906399.00,935488.00,961857.00,962799.00,963858.00,963006.00,994736.00,985374.00,995007.00,993585.00,1028313.00,1102534.00,1111998.00,1097308.00,1052497.00,960356.00,860486.00
2014-10-18,786153.00,729460.00,705750.00,709665.00,712886.00,727961.00,786893.00,827521.00,873112.00,908036.00,938088.00,937383.00,931459.00,934144.00,923190.00,919583.00,944887.00,976334.00,1059717.00,1081785.00,1079267.00,1037820.00,952436.00,875927.00
2014-10-19,804504.00,753276.00,729134.00,718869.00,724856.00,742258.00,796700.00,817711.00,884121.00,977486.00,1011612.00,1037445.00,1031725.00,1038082.00,1040501.00,1033665.00,1024086.00,1037023.00,1122245.00,1158694.00,1150681.00,1125785.00,1040179.00,946205.00
2014-10-20,857263.00,837249.00,792789.00,803569.00,796881.00,842918.00,956653.00,1042785.00,1110055.00,1154409.00,1134411.00,1158071.00,1123473.00,1116342.00,1108569.00,1105402.00,1103219.00,1145498.00,1246700.00,1261737.00,1246108.00,1220561.00,1093731.00,1010461.00
2014-10-21,920740.00,865073.00,844571.00,823867.00,819620.00,868756.00,988668.00,1072974.00,1141605.00,1191301.00,1179233.00,1185568.00,1152748.00,1159703.00,1149783.00,1119740.00,1128579.00,1175638.00,1227689.00,1254030.00,1230834.00,1185867.00,1083915.00,985299.00
2014-10-22,879210.00,817460.00,792859.00,788367.00,805248.00,845564.00,953609.00,1046741.00,1095890.00,1134530.00,1129181.00,1113640.00,1086638.00,1093506.00,1080051.00,1048315.00,1067695.00,1086835.00,1171997.00,1208235.00,1184560.00,1136389.00,1047205.00,962909.00
2014-10-23,883164.00,817560.00,798647.00,773605.00,799848.00,846680.00,952087.00,1062627.00,1129680.00,1182145.00,1210783.00,1197475.00,1166658.00,1149444.00,1144548.00,1116219.00,1106660.00,1107600.00,1204814.00,1239212.00,1225701.00,1187826.00,1090824.00,1008767.00
2014-10-24,917612.00,867242.00,838324.00,831359.00,831423.00,893677.00,1010313.00,1098993.00,1159051.00,1201099.00,1198977.00,1179539.00,1167275.00,1154235.00,1144693.00,1110774.00,1121710.00,1113900.00,1205943.00,1223536.00,1201480.00,1156017.00,1080720.00,1041443.00
2014-10-25,934913.00,857942.00,838848.00,824935.00,828689.00,843451.00,889855.00,948067.00,998528.00,1052931.00,1068463.00,1075918.00,1051798.00,1049915.00,1063199.00,1056269.00,1059020.00,1091922.00,1168599.00,1213298.00,1200641.00,1153532.00,1063263.00,979068.00
2014-10-26,905939.00,722180.00,773217.00,783782.00,797237.00,811301.00,872790.00,901113.00,962416.00,1025672.00,1025634.00,1012437.00,1031033.00,1014171.00,1000935.00,984458.00,1016486.00,1119303.00,1204831.00,1213139.00,1206957.00,1144980.00,1052652.00,958417.00
2014-10-27,887347.00,839439.00,829780.00,819957.00,832638.00,852005.00,943953.00,1002441.00,1089007.00,1117894.00,1159992.00,1111184.00,1061811.00,1042917.00,1032082.00,1033820.00,1046039.00,1135676.00,1203659.00,1181034.00,1133456.00,1012969.00,967204.00,921966.00
2014-10-28,845522.00,776533.00,788292.00,794035.00,800401.00,820177.00,914384.00,969758.00,1033843.00,1055515.00,1056353.00,1029484.00,1024856.00,984878.00,962129.00,989768.00,997161.00,1087119.00,1152562.00,1137612.00,1103415.00,1070761.00,987810.00,896920.00
2014-10-29,825843.00,788862.00,770543.00,772166.00,774986.00,821627.00,915617.00,976694.00,1051661.00,1092369.00,1075425.00,1072191.00,1030934.00,1024774.00,1006381.00,1039365.00,1032188.00,1121264.00,1136782.00,1140664.00,1098918.00,1046540.00,970608.00,860128.00
2014-10-30,805722.00,778883.00,752313.00,761993.00,758651.00,792111.00,873820.00,940696.00,1007086.00,1051304.00,1057271.00,1031060.00,1008320.00,999023.00,987389.00,989849.00,1020175.00,1116902.00,1125947.00,1115467.00,1080655.00,1011163.00,919164.00,833536.00
2014-10-31,762880.00,728360.00,724148.00,722335.00,737583.00,790787.00,856390.00,934570.00,982380.00,1010860.00,1001292.00,976695.00,950042.00,955791.00,960326.00,960892.00,987540.00,1098217.00,1127090.00,1110916.00,1082263.00,1014825.00,937407.00,851103.00
2014-11-01,795307.00,751263.00,727836.00,727571.00,731820.00,755869.00,802105.00,848273.00,885863.00,943433.00,984031.00,980574.00,981006.00,965750.00,971385.00,987696.00,1041169.00,1115093.00,1099478.00,1091156.00,1067502.00,1013809.00,940283.00,879652.00
2014-11-02,815037.00,781000.00,766498.00,753489.00,749105.00,769705.00,802262.00,831442.00,895417.00,948452.00,969231.00,981960.00,985506.00,977976.00,977743.00,999707.00,1055784.00,1125746.00,1125624.00,1111480.00,1092569.00,1034404.00,971243.00,898080.00
2014-11-03,828471.00,786779.00,760771.00,753511.00,753048.00,777967.00,841560.00,877255.00,938881.00,985366.00,1013202.00,1024808.00,1023370.00,1027546.00,1027273.00,1035327.00,1066579.00,1145237.00,1153258.00,1134151.00,1101477.00,1062338.00,989999.00,929772.00
2014-11-04,868275.00,823463.00,800377.00,791948.00,802372.00,827494.00,826808.00,852554.00,941865.00,999915.00,1014046.00,1007853.00,988137.00,979514.00,987511.00,995098.00,1038254.00,1138873.00,1156634.00,1153062.00,1139001.00,1085943.00,1011717.00,937841.00
2014-11-05,879441.00,831092.00,804838.00,796958.00,777990.00,813323.00,920210.00,1012247.00,1077373.00,1129751.00,1134887.00,1125389.00,1105831.00,1103244.00,1092360.00,1078766.00,1111838.00,1203776.00,1215424.00,1202585.00,1170511.00,1121859.00,1037745.00,950924.00
2014-11-06,876312.00,831750.00,817746.00,801385.00,819064.00,862222.00,945091.00,1004128.00,1068948.00,1105974.00,1111757.00,1094962.00,1057857.00,1053151.00,1056702.00,1064363.00,1108922.00,1203193.00,1214952.00,1203705.00,1151553.00,1098369.00,1005163.00,921683.00
2014-11-07,842375.00,792231.00,775567.00,774338.00,788584.00,829270.00,910588.00,990101.00,1055146.00,1092850.00,1101516.00,1092613.00,1080783.00,1086665.00,1082848.00,1084238.00,1126359.00,1181572.00,1203166.00,1181215.00,1142441.00,1081322.00,1012225.00,931716.00
2014-11-08,851056.00,808729.00,789809.00,777644.00,774822.00,801642.00,842431.00,871595.00,919788.00,976934.00,1011365.00,1030043.00,1031745.00,1025975.00,1017563.00,1026524.00,1081179.00,1151587.00,1157539.00,1140661.00,1112167.00,1067087.00,988938.00,914944.00
2014-11-09,859036.00,807280.00,782417.00,768594.00,771130.00,788513.00,819098.00,822569.00,892203.00,938421.00,976853.00,982478.00,975438.00,968742.00,965809.00,968961.00,1031492.00,1130057.00,1135397.00,1115147.00,1097737.00,1047114.00,966902.00,875962.00
2014-11-10,807689.00,776233.00,764707.00,753461.00,766416.00,818522.00,909813.00,980395.00,1046039.00,1080056.00,1079451.00,1051421.00,1037146.00,1037165.00,1028679.00,1042595.00,1086373.00,1151197.00,1163378.00,1135074.00,1100225.00,1055089.00,971230.00,885970.00
2014-11-11,811761.00,763149.00,745528.00,738709.00,753356.00,799676.00,902591.00,967424.00,1017522.00,1064715.00,1052532.00,1030658.00,1006041.00,994294.00,999654.00,997874.00,1063476.00,1146701.00,1175574.00,1160983.00,1132272.00,1076773.00,972941.00,878974.00
2014-11-12,824769.00,781684.00,764095.00,764342.00,774753.00,825800.00,911756.00,996781.00,1046414.00,1081239.00,1086345.00,1073786.00,1034901.00,1026277.00,1017667.00,1029765.00,1083858.00,1165319.00,1177594.00,1168106.00,1139243.00,1095516.00,994417.00,906487.00
2014-11-13,834598.00,785172.00,770697.00,765937.00,779249.00,825477.00,915873.00,1004346.00,1057363.00,1093721.00,1083353.00,1074897.00,1056768.00,1050012.00,1018621.00,1010619.00,1076394.00,1142668.00,1153438.00,1134528.00,1099475.00,1052655.00,981322.00,908136.00
2014-11-14,832628.00,773106.00,762890.00,754709.00,769262.00,810037.00,910028.00,1005014.00,1065516.00,1105590.00,1102797.00,1097924.00,1081093.00,1082406.00,1086230.00,1093427.00,1139287.00,1196426.00,1177245.00,1153087.00,1120011.00,1073639.00,989189.00,909776.00
2014-11-15,846018.00,806151.00,779472.00,761138.00,774698.00,803327.00,848957.00,889613.00,943869.00,1010088.00,1024788.00,1032420.00,1026056.00,1027013.00,1026714.00,1021695.00,1084031.00,1145361.00,1134032.00,1116580.00,1097955.00,1056265.00,987197.00,908426.00
2014-11-16,840592.00,799249.00,779262.00,767844.00,765584.00,779309.00,814140.00,826349.00,903423.00,941424.00,972826.00,999662.00,995648.00,988612.00,996126.00,1014001.00,1066436.00,1114894.00,1117361.00,1106095.00,1073207.00,1034791.00,979539.00,906729.00
2014-11-17,843012.00,798284.00,776227.00,774291.00,779544.00,820194.00,920100.00,1019162.00,1086933.00,1134114.00,1150174.00,1144037.00,1129532.00,1130334.00,1120019.00,1120448.00,1171902.00,1246978.00,1251548.00,1237231.00,1185191.00,1131758.00,1058578.00,967802.00
2014-11-18,893114.00,842795.00,828802.00,819935.00,817545.00,871741.00,965359.00,1056602.00,1116953.00,1152380.00,1171886.00,1158106.00,1141064.00,1147468.00,1138385.00,1146947.00,1195191.00,1251425.00,1248497.00,1223275.00,1201332.00,1148122.00,1054084.00,967523.00
2014-11-19,893054.00,854776.00,833888.00,832763.00,844707.00,886085.00,986432.00,1069135.00,1130105.00,1166838.00,1160178.00,1146496.00,1123775.00,1121213.00,1110725.00,1120246.00,1174443.00,1235984.00,1224103.00,1200793.00,1173737.00,1117020.00,1031658.00,957842.00
2014-11-20,888154.00,847156.00,832819.00,825994.00,838985.00,882305.00,982051.00,1071332.00,1109641.00,1138525.00,1153782.00,1138551.00,1107416.00,1102099.00,1096795.00,1096952.00,1151391.00,1211929.00,1205235.00,1200387.00,1177397.00,1127189.00,1021478.00,959385.00
2014-11-21,896388.00,847660.00,836221.00,828089.00,832669.00,886956.00,987265.00,1064876.00,1115318.00,1166296.00,1182630.00,1184007.00,1166106.00,1160676.00,1140425.00,1159530.00,1216636.00,1208569.00,1195864.00,1153959.00,1142532.00,1100298.00,1024574.00,939186.00
2014-11-22,875909.00,825393.00,804416.00,796185.00,791633.00,805680.00,853962.00,894029.00,959976.00,1001658.00,1030815.00,1031111.00,1021661.00,1013048.00,991507.00,1005185.00,1073220.00,1150934.00,1147396.00,1124399.00,1102492.00,1058394.00,991920.00,923816.00
2014-11-23,873867.00,823504.00,798712.00,788120.00,792501.00,806278.00,842783.00,868360.00,917443.00,967712.00,995645.00,986508.00,963657.00,960733.00,960008.00,977189.00,1060943.00,1151530.00,1167607.00,1152614.00,1119520.00,1058402.00,975964.00,889735.00
2014-11-24,832599.00,790480.00,761941.00,757436.00,760877.00,809312.00,909240.00,1019829.00,1094763.00,1136625.00,1151586.00,1135565.00,1124860.00,1130088.00,1142103.00,1151437.00,1195413.00,1222619.00,1235800.00,1219931.00,1184005.00,1134106.00,1048392.00,962249.00
2014-11-25,893297.00,844910.00,827402.00,820321.00,827320.00,872763.00,973625.00,1061946.00,1134849.00,1179656.00,1181371.00,1156150.00,1134630.00,1135786.00,1130345.00,1140358.00,1211987.00,1268417.00,1269990.00,1246685.00,1218239.00,1162917.00,1069063.00,974693.00
2014-11-26,908132.00,863532.00,845846.00,852145.00,855827.00,901659.00,1011115.00,1100213.00,1160339.00,1206761.00,1234313.00,1214391.00,1191957.00,1180841.00,1169958.00,1184178.00,1244338.00,1276740.00,1262581.00,1258264.00,1228925.00,1178302.00,1096603.00,995593.00
2014-11-27,916192.00,873113.00,842501.00,843692.00,861993.00,896736.00,998809.00,1092914.00,1151444.00,1187364.00,1195450.00,1180818.00,1150185.00,1154494.00,1146601.00,1153684.00,1224566.00,1256747.00,1253355.00,1239110.00,1218099.00,1162491.00,1076065.00,980296.00
2014-11-28,884059.00,848832.00,831283.00,820736.00,827632.00,874645.00,972669.00,1065679.00,1127886.00,1157924.00,1167725.00,1148540.00,1125925.00,1122410.00,1112124.00,1127939.00,1197626.00,1237419.00,1228678.00,1218353.00,1192809.00,1149321.00,1065252.00,985483.00
2014-11-29,931397.00,877899.00,856537.00,855008.00,856144.00,882370.00,930445.00,992515.00,1060635.00,1123880.00,1168686.00,1134827.00,1115120.00,1110588.00,1110708.00,1128384.00,1194314.00,1245856.00,1232157.00,1219099.00,1182295.00,1138025.00,1071324.00,1014134.00
2014-11-30,958822.00,909955.00,874503.00,859818.00,866976.00,893696.00,928775.00,958465.00,1013454.00,1058739.00,1087321.00,1084872.00,1081044.00,1080913.00,1083942.00,1111679.00,1176690.00,1204716.00,1203040.00,1195798.00,1175925.00,1132926.00,1062391.00,990069.00
2014-12-01,918441.00,884271.00,853379.00,846896.00,856153.00,898065.00,995814.00,1087545.00,1153288.00,1196838.00,1196480.00,1181482.00,1173648.00,1160542.00,1160489.00,1176696.00,1225067.00,1256847.00,1260797.00,1236768.00,1211590.00,1149424.00,1086777.00,1012519.00
2014-12-02,931963.00,892058.00,880683.00,879764.00,903068.00,939606.00,1033649.00,1126059.00,1190975.00,1229035.00,1236729.00,1231690.00,1215871.00,1217703.00,1221178.00,1234040.00,1278664.00,1299413.00,1292807.00,1271804.00,1244742.00,1184446.00,1118128.00,1046135.00
2014-12-03,959910.00,910651.00,899562.00,906911.00,889240.00,933092.00,1025645.00,1135740.00,1198284.00,1233682.00,1236849.00,1222649.00,1210224.00,1201579.00,1204149.00,1221480.00,1281776.00,1322424.00,1309914.00,1292230.00,1268663.00,1223788.00,1146303.00,1051453.00
2014-12-04,961625.00,929489.00,912240.00,907500.00,924587.00,959445.00,1078797.00,1159453.00,1203682.00,1230206.00,1227447.00,1216263.00,1197874.00,1202953.00,1191437.00,1200989.00,1261107.00,1326178.00,1319981.00,1304121.00,1276362.00,1233649.00,1147378.00,1071795.00
2014-12-05,989936.00,946055.00,933905.00,924622.00,935001.00,964473.00,1066205.00,1159753.00,1228237.00,1277864.00,1294844.00,1276364.00,1261568.00,1263290.00,1254351.00,1257683.00,1295118.00,1333233.00,1324300.00,1295527.00,1265187.00,1215510.00,1148350.00,1059263.00
2014-12-06,987492.00,925478.00,901769.00,889997.00,888389.00,913544.00,955188.00,1003173.00,1060456.00,1106160.00,1127767.00,1117149.00,1094068.00,1091421.00,1094353.00,1113440.00,1177786.00,1227519.00,1222842.00,1205043.00,1181556.00,1147840.00,1090237.00,1029600.00
2014-12-07,963539.00,920111.00,879355.00,870601.00,880944.00,899162.00,937842.00,964942.00,1026008.00,1074855.00,1092931.00,1094990.00,1087175.00,1081418.00,1083776.00,1124263.00,1215772.00,1271311.00,1274018.00,1260722.00,1243301.00,1187015.00,1106871.00,1019001.00
2014-12-08,941747.00,914502.00,887139.00,883895.00,882321.00,918265.00,1020818.00,1135648.00,1207998.00,1239702.00,1243765.00,1229821.00,1218824.00,1222153.00,1222506.00,1243046.00,1299265.00,1315203.00,1306210.00,1300548.00,1260856.00,1199406.00,1110979.00,1042316.00
2014-12-09,973070.00,922156.00,902600.00,903968.00,903747.00,938316.00,1045129.00,1141277.00,1201262.00,1264747.00,1273380.00,1266198.00,1245323.00,1248908.00,1241523.00,1259643.00,1317895.00,1306833.00,1314302.00,1315571.00,1284448.00,1229474.00,1135267.00,1044744.00
2014-12-10,972510.00,921145.00,905441.00,896370.00,895719.00,945275.00,1059945.00,1152544.00,1221201.00,1261611.00,1248544.00,1229144.00,1203975.00,1199240.00,1205717.00,1228664.00,1305567.00,1315263.00,1307338.00,1288266.00,1257626.00,1207438.00,1129255.00,1042017.00
2014-12-11,972086.00,924011.00,903491.00,893605.00,895788.00,945482.00,1042458.00,1169528.00,1224595.00,1264553.00,1255954.00,1244657.00,1232364.00,1249025.00,1246446.00,1268820.00,1317020.00,1356729.00,1339692.00,1315980.00,1307580.00,1266624.00,1148567.00,1045617.00
2014-12-12,956832.00,913046.00,903323.00,899304.00,899359.00,945527.00,1045896.00,1136495.00,1195763.00,1226144.00,1221296.00,1211261.00,1189410.00,1189541.00,1188085.00,1202711.00,1256104.00,1264326.00,1243336.00,1206465.00,1176982.00,1134798.00,1070512.00,986512.00
2014-12-13,900010.00,839422.00,836872.00,823172.00,825555.00,835429.00,881771.00,930801.00,1001484.00,1062438.00,1092936.00,1051004.00,1038399.00,1042306.00,1049124.00,1073173.00,1152305.00,1189960.00,1174977.00,1155499.00,1130816.00,1095100.00,1037529.00,961206.00
2014-12-14,891051.00,834119.00,809362.00,805411.00,806589.00,821893.00,856445.00,886840.00,938729.00,989889.00,1027673.00,1028724.00,1018147.00,1003436.00,996004.00,1030238.00,1117216.00,1197610.00,1200131.00,1187362.00,1174997.00,1126189.00,1047630.00,956686.00
2014-12-15,893731.00,850415.00,829190.00,834715.00,849453.00,884510.00,976330.00,1075576.00,1131441.00,1172094.00,1178596.00,1156946.00,1144638.00,1123413.00,1102358.00,1106688.00,1183403.00,1231806.00,1221113.00,1227121.00,1209235.00,1156745.00,1060685.00,962783.00
2014-12-16,887439.00,841086.00,826430.00,835073.00,842490.00,883063.00,987153.00,1094629.00,1176643.00,1227122.00,1206108.00,1187757.00,1172248.00,1183778.00,1183282.00,1175189.00,1256493.00,1296944.00,1299144.00,1263322.00,1220779.00,1177200.00,1090092.00,1009298.00
2014-12-17,931766.00,874762.00,870603.00,854621.00,867138.00,903581.00,1004962.00,1090534.00,1147947.00,1177331.00,1176451.00,1165970.00,1166213.00,1172259.00,1181788.00,1194924.00,1230250.00,1244867.00,1245373.00,1232855.00,1216854.00,1171118.00,1096646.00,1014590.00
2014-12-18,931261.00,885254.00,861244.00,852794.00,859076.00,894380.00,991331.00,1102132.00,1159487.00,1189617.00,1205980.00,1203401.00,1179448.00,1189323.00,1187426.00,1221263.00,1275130.00,1305441.00,1270775.00,1262887.00,1228203.00,1171712.00,1097803.00,1004253.00
2014-12-19,929310.00,874503.00,856954.00,840417.00,837719.00,871558.00,957058.00,1054735.00,1108426.00,1137444.00,1141686.00,1139819.00,1128087.00,1147585.00,1136586.00,1138163.00,1185199.00,1234594.00,1220610.00,1190128.00,1135719.00,1086154.00,1000156.00,931575.00
2014-12-20,847828.00,798543.00,772055.00,744221.00,748498.00,767817.00,801092.00,850158.00,900772.00,950769.00,984798.00,991445.00,979642.00,988908.00,974199.00,993737.00,1073836.00,1118774.00,1102766.00,1089581.00,1057785.00,1012806.00,951032.00,871879.00
2014-12-21,810942.00,764166.00,723002.00,706533.00,709938.00,720221.00,751338.00,776389.00,817289.00,857479.00,881199.00,888409.00,882828.00,888036.00,899725.00,927538.00,1002662.00,1066717.00,1073376.00,1060190.00,1043368.00,1002359.00,932494.00,844797.00
2014-12-22,767094.00,731456.00,709240.00,701901.00,704498.00,741184.00,846735.00,972807.00,1037096.00,1074361.00,1072781.00,1060212.00,1053010.00,1038836.00,1028460.00,1031165.00,1089893.00,1131360.00,1141597.00,1125183.00,1101144.00,1048465.00,964441.00,885511.00
2014-12-23,818688.00,771648.00,746945.00,737135.00,740686.00,777161.00,877042.00,977784.00,1043387.00,1075422.00,1080487.00,1065465.00,1064024.00,1079798.00,1077521.00,1097686.00,1153725.00,1174864.00,1174359.00,1163252.00,1134660.00,1083863.00,999589.00,927722.00
2014-12-24,850785.00,796401.00,772303.00,747265.00,737815.00,788049.00,913280.00,1027610.00,1057642.00,1066318.00,1062687.00,1070619.00,1079207.00,1079650.00,1065021.00,1077990.00,1135961.00,1173599.00,1170445.00,1158207.00,1122026.00,1077895.00,995317.00,911255.00
2014-12-25,839862.00,792403.00,759233.00,739065.00,744093.00,785871.00,894577.00,998088.00,1059845.00,1099012.00,1103033.00,1114315.00,1104201.00,1106178.00,1099552.00,1106294.00,1150414.00,1180013.00,1162269.00,1136013.00,1115807.00,1063471.00,981142.00,888510.00
2014-12-26,809110.00,764447.00,737187.00,727226.00,739070.00,775406.00,888446.00,985558.00,1032376.00,1068902.00,1071562.00,1053290.00,1027648.00,1043796.00,1034224.00,1047325.00,1099252.00,1143678.00,1132316.00,1119525.00,1091282.00,1045831.00,978941.00,913740.00
2014-12-27,838477.00,760340.00,762677.00,751449.00,761410.00,784082.00,825911.00,881614.00,958595.00,1029045.00,1071991.00,1059749.00,1049833.00,1040399.00,1033915.00,1061047.00,1141000.00,1181641.00,1176614.00,1146184.00,1142985.00,1104196.00,1027388.00,955402.00
2014-12-28,887017.00,825918.00,784932.00,776054.00,784971.00,803380.00,839206.00,866260.00,923557.00,982654.00,1024160.00,1029226.00,1031294.00,1034473.00,1028689.00,1049809.00,1112644.00,1158430.00,1143170.00,1126844.00,1117790.00,1073409.00,993923.00,907671.00
2014-12-29,845190.00,795379.00,784027.00,765083.00,767740.00,812679.00,910513.00,995835.00,1067410.00,1112617.00,1134694.00,1107844.00,1087720.00,1085348.00,1083303.00,1093785.00,1160785.00,1191381.00,1210243.00,1192451.00,1184812.00,1130609.00,1062760.00,972847.00
2014-12-30,895859.00,843735.00,817430.00,809715.00,802260.00,834808.00,931146.00,994596.00,1058088.00,1109001.00,1110291.00,1092312.00,1060334.00,1061045.00,1049809.00,1074228.00,1144112.00,1196675.00,1196754.00,1189949.00,1164393.00,1124726.00,1053155.00,964271.00
2014-12-31,881202.00,830013.00,815103.00,799072.00,804838.00,832829.00,893968.00,960278.00,1012636.00,1058778.00,1066030.00,1058078.00,1040919.00,1025110.00,1011910.00,1020844.00,1112925.00,1200382.00,1205903.00,1183910.00,1152510.00,1116235.00,1067457.00,1007062.00